ID,X,Z
1,1,1
2,1,0
3,1,1
4,1,0
5,1,1
6,1,0
7,1,0
8,1,0
9,1,0
10,1,1
11,1,1
12,0,1
13,1,1
14,1,0
15,1,1
16,1,1
17,1,1
18,1,1
19,1,0
20,1,1
21,1,0
22,1,0
23,1,1
24,1,0
25,1,0
26,1,0
27,1,1
28,1,1
29,1,1
30,1,0
31,1,1
32,1,1
33,1,0
34,1,0
35,0,0
36,1,0
37,1,1
38,1,1
39,1,0
40,1,1
41,1,0
42,1,0
43,1,1
44,1,0
45,1,0
46,1,0
47,1,0
48,1,0
49,1,0
50,1,1
51,1,1
52,1,0
53,1,0
54,1,1
55,1,1
56,1,1
57,1,1
58,1,0
59,1,0
60,1,1
61,1,1
62,1,0
63,1,1
64,1,1
65,1,0
66,1,0
67,1,1
68,1,1
69,1,1
70,1,1
71,1,1
72,1,1
73,0,0
74,1,0
75,1,0
76,0,0
77,0,0
78,1,0
79,1,1
80,1,1
81,1,0
82,1,1
83,0,0
84,1,0
85,1,1
86,1,0
87,1,1
88,1,0
89,1,1
90,1,0
91,1,0
92,0,0
93,1,0
94,1,0
95,1,0
96,1,0
97,1,1
98,0,0
99,1,1
100,1,1
101,1,0
102,1,1
103,1,1
104,1,1
105,1,1
106,1,1
107,1,1
108,1,0
109,0,0
110,0,0
111,0,0
112,1,0
113,1,0
114,1,0
115,1,1
116,0,1
117,1,1
118,1,0
119,1,0
120,1,1
121,1,1
122,1,0
123,1,0
124,1,0
125,1,1
126,1,1
127,1,1
128,1,1
129,1,1
130,1,0
131,1,1
132,1,1
133,1,1
134,1,1
135,1,1
136,1,0
137,1,1
138,1,1
139,1,1
140,1,0
141,1,0
142,1,0
143,0,0
144,1,1
145,1,1
146,1,0
147,1,0
148,1,0
149,1,0
150,1,0
151,1,0
152,1,0
153,1,0
154,1,1
155,1,0
156,1,0
157,1,0
158,1,0
159,1,1
160,1,1
161,1,0
162,1,0
163,1,1
164,1,0
165,1,0
166,1,1
167,1,0
168,1,1
169,1,1
170,1,0
171,1,0
172,1,0
173,1,1
174,1,0
175,1,1
176,1,1
177,1,1
178,1,0
179,1,0
180,1,0
181,1,0
182,1,1
183,1,0
184,1,1
185,1,1
186,1,0
187,1,0
188,1,1
189,1,0
190,1,1
191,1,0
192,1,0
193,0,0
194,1,0
195,1,1
196,1,1
197,1,1
198,1,1
199,1,1
200,1,0
201,1,0
202,1,0
203,1,0
204,1,1
205,1,0
206,1,0
207,1,0
208,1,0
209,1,0
210,1,1
211,1,0
212,1,0
213,1,1
214,1,0
215,1,1
216,1,1
217,1,0
218,1,1
219,1,1
220,1,0
221,1,0
222,1,0
223,1,1
224,1,0
225,1,0
226,1,1
227,1,1
228,1,1
229,1,1
230,1,1
231,1,1
232,1,0
233,1,1
234,1,1
235,1,1
236,1,1
237,1,0
238,1,0
239,1,1
240,1,0
241,0,0
242,1,1
243,1,1
244,1,0
245,1,1
246,1,1
247,1,1
248,1,0
249,1,1
250,1,0
251,1,0
252,1,0
253,1,0
254,1,1
255,0,0
256,1,0
257,1,0
258,1,0
259,1,1
260,1,0
261,1,1
262,1,0
263,1,1
264,1,1
265,1,1
266,1,0
267,1,0
268,1,0
269,1,1
270,1,0
271,0,1
272,1,1
273,1,1
274,1,0
275,0,0
276,1,0
277,1,1
278,1,1
279,1,1
280,1,1
281,1,0
282,1,1
283,1,1
284,1,1
285,1,1
286,1,0
287,1,1
288,0,0
289,1,0
290,1,1
291,1,1
292,1,1
293,1,0
294,0,1
295,1,1
296,1,1
297,1,0
298,1,1
299,1,1
300,1,0
301,1,0
302,1,0
303,0,0
304,0,0
305,1,0
306,0,0
307,1,1
308,1,0
309,1,1
310,1,0
311,1,0
312,1,1
313,1,0
314,1,0
315,0,0
316,1,0
317,1,0
318,1,0
319,0,0
320,1,0
321,1,0
322,1,0
323,1,1
324,0,0
325,1,1
326,1,0
327,1,0
328,1,0
329,1,1
330,1,0
331,1,1
332,1,1
333,1,1
334,1,0
335,1,1
336,1,0
337,1,1
338,0,1
339,1,1
340,1,1
341,1,0
342,0,0
343,1,1
344,1,1
345,1,0
346,1,1
347,1,1
348,1,1
349,1,1
350,1,1
351,1,0
352,1,0
353,1,0
354,1,1
355,1,0
356,0,0
357,1,1
358,1,0
359,0,1
360,1,0
361,1,1
362,1,0
363,1,1
364,1,0
365,1,1
366,1,1
367,1,0
368,1,1
369,1,0
370,1,0
371,1,1
372,1,1
373,1,1
374,1,1
375,1,1
376,0,1
377,1,0
378,0,0
379,1,0
380,1,1
381,0,0
382,1,0
383,1,1
384,0,0
385,1,0
386,1,1
387,1,0
388,1,0
389,0,1
390,1,1
391,1,0
392,1,1
393,1,0
394,1,1
395,1,0
396,1,0
397,1,0
398,1,1
399,1,0
400,1,0
401,1,1
402,1,1
403,1,1
404,1,0
405,1,0
406,1,0
407,0,0
408,1,0
409,1,1
410,1,1
411,1,0
412,1,1
413,1,0
414,1,0
415,1,0
416,1,0
417,0,0
418,1,0
419,1,0
420,0,1
421,1,1
422,1,0
423,1,1
424,1,0
425,1,1
426,1,1
427,0,0
428,1,0
429,1,1
430,1,0
431,1,0
432,1,0
433,1,0
434,1,1
435,0,1
436,1,0
437,1,1
438,1,0
439,1,1
440,0,1
441,1,0
442,1,0
443,1,0
444,0,0
445,1,1
446,1,1
447,1,0
448,1,1
449,1,0
450,1,1
451,1,0
452,1,1
453,1,1
454,1,0
455,1,0
456,1,0
457,1,1
458,1,0
459,1,0
460,1,1
461,1,0
462,1,1
463,1,0
464,1,1
465,1,0
466,1,1
467,1,1
468,1,1
469,1,1
470,1,0
471,1,0
472,1,1
473,1,0
474,1,1
475,1,0
476,1,0
477,1,0
478,1,1
479,1,0
480,1,1
481,1,0
482,1,0
483,1,1
484,1,0
485,1,0
486,0,0
487,1,1
488,1,1
489,0,1
490,1,1
491,0,0
492,1,0
493,1,1
494,1,1
495,1,0
496,1,0
497,1,0
498,1,1
499,1,0
500,1,0
501,1,0
502,1,0
503,1,1
504,1,0
505,1,0
506,1,0
507,1,0
508,1,0
509,1,1
510,1,1
511,1,1
512,1,1
513,1,0
514,1,1
515,1,1
516,0,0
517,1,0
518,1,1
519,1,1
520,1,1
521,1,1
522,1,0
523,1,0
524,1,0
525,1,0
526,1,0
527,0,1
528,1,1
529,1,1
530,1,1
531,0,0
532,1,1
533,1,1
534,1,1
535,1,1
536,1,0
537,1,0
538,1,0
539,1,0
540,1,1
541,0,1
542,1,0
543,1,0
544,1,0
545,1,0
546,0,0
547,1,1
548,1,0
549,1,1
550,0,0
551,1,1
552,0,0
553,1,0
554,1,1
555,1,0
556,1,1
557,1,0
558,1,0
559,1,0
560,1,0
561,1,1
562,1,0
563,0,0
564,1,0
565,1,0
566,1,1
567,1,1
568,1,1
569,0,1
570,1,1
571,1,0
572,1,0
573,1,1
574,1,1
575,1,1
576,1,0
577,0,0
578,1,0
579,1,1
580,1,1
581,1,0
582,1,1
583,1,1
584,1,0
585,1,0
586,1,0
587,1,1
588,1,0
589,1,0
590,1,0
591,1,1
592,1,1
593,1,1
594,0,0
595,1,0
596,1,0
597,1,1
598,1,1
599,1,1
600,1,1
601,0,1
602,1,0
603,1,1
604,0,0
605,1,1
606,1,0
607,1,0
608,1,0
609,1,0
610,1,1
611,1,1
612,1,1
613,1,1
614,1,1
615,1,1
616,1,0
617,1,1
618,1,0
619,1,1
620,1,0
621,1,1
622,1,0
623,1,1
624,1,0
625,1,1
626,1,0
627,1,1
628,1,0
629,0,0
630,1,1
631,1,1
632,0,0
633,0,0
634,1,0
635,1,1
636,1,0
637,1,0
638,1,1
639,1,1
640,1,1
641,1,0
642,1,0
643,0,0
644,1,1
645,1,1
646,0,0
647,1,0
648,1,1
649,1,1
650,1,1
651,1,0
652,1,1
653,1,1
654,1,1
655,1,1
656,1,0
657,1,0
658,0,0
659,1,1
660,1,1
661,1,1
662,1,1
663,1,0
664,0,0
665,1,0
666,1,1
667,1,0
668,1,1
669,1,0
670,1,0
671,1,0
672,0,1
673,1,1
674,1,0
675,1,0
676,1,1
677,0,0
678,1,1
679,1,1
680,1,1
681,1,1
682,1,1
683,0,0
684,1,0
685,1,0
686,1,0
687,1,0
688,1,1
689,1,0
690,1,0
691,1,1
692,1,1
693,1,0
694,1,0
695,1,1
696,1,0
697,1,0
698,0,0
699,1,0
700,1,1
701,1,0
702,1,1
703,1,0
704,1,0
705,1,1
706,0,0
707,1,0
708,1,0
709,1,0
710,1,1
711,1,0
712,0,1
713,1,1
714,1,1
715,0,1
716,1,1
717,1,1
718,1,0
719,1,0
720,1,0
721,1,0
722,1,0
723,0,0
724,1,1
725,1,0
726,1,0
727,1,0
728,1,0
729,1,0
730,1,1
731,1,0
732,1,0
733,1,0
734,0,1
735,1,0
736,1,0
737,1,0
738,1,1
739,1,0
740,0,1
741,0,0
742,1,1
743,1,0
744,1,0
745,1,1
746,0,0
747,0,0
748,1,0
749,1,1
750,1,1
751,1,1
752,1,1
753,1,0
754,1,1
755,1,0
756,1,0
757,1,0
758,0,1
759,1,0
760,1,1
761,1,1
762,1,1
763,1,0
764,1,0
765,0,0
766,1,0
767,1,0
768,1,1
769,1,0
770,1,1
771,1,0
772,1,1
773,1,0
774,1,0
775,1,0
776,1,1
777,1,0
778,1,1
779,1,1
780,1,0
781,1,1
782,1,1
783,1,0
784,1,1
785,1,1
786,0,0
787,1,0
788,1,1
789,1,1
790,1,1
791,1,1
792,1,1
793,1,1
794,0,0
795,1,0
796,1,1
797,1,1
798,1,1
799,1,1
800,1,0
801,1,1
802,1,0
803,1,0
804,1,0
805,1,1
806,1,1
807,1,0
808,1,0
809,1,0
810,1,1
811,0,0
812,1,0
813,1,1
814,1,1
815,1,1
816,1,1
817,1,0
818,0,0
819,1,1
820,1,0
821,1,0
822,1,0
823,1,0
824,0,1
825,1,1
826,1,1
827,1,0
828,1,1
829,0,0
830,1,0
831,1,0
832,1,0
833,1,0
834,1,1
835,1,1
836,1,1
837,1,1
838,1,0
839,1,1
840,1,0
841,1,0
842,1,0
843,1,1
844,1,0
845,1,1
846,1,1
847,1,1
848,1,1
849,1,1
850,1,0
851,1,0
852,1,1
853,1,0
854,1,0
855,1,0
856,1,0
857,1,1
858,1,1
859,1,1
860,1,0
861,1,0
862,1,1
863,1,1
864,1,1
865,1,1
866,1,1
867,1,1
868,0,1
869,1,1
870,1,1
871,1,0
872,1,1
873,1,0
874,1,1
875,1,0
876,1,1
877,1,1
878,1,1
879,1,1
880,1,0
881,1,0
882,1,0
883,1,0
884,1,0
885,1,0
886,1,0
887,1,0
888,1,0
889,1,1
890,1,1
891,1,0
892,1,1
893,1,0
894,1,1
895,1,0
896,1,0
897,1,1
898,1,1
899,0,0
900,1,0
901,1,1
902,1,0
903,1,0
904,1,1
905,1,1
906,1,0
907,1,0
908,0,0
909,0,1
910,1,0
911,1,0
912,1,0
913,1,1
914,1,0
915,1,0
916,1,1
917,1,0
918,1,1
919,1,0
920,1,0
921,1,1
922,1,0
923,1,0
924,1,0
925,1,0
926,1,1
927,1,1
928,1,1
929,1,1
930,1,1
931,1,0
932,1,1
933,1,1
934,1,0
935,0,1
936,1,0
937,1,0
938,1,1
939,1,1
940,1,0
941,1,1
942,0,1
943,1,1
944,1,1
945,1,0
946,1,1
947,1,0
948,1,1
949,1,1
950,0,0
951,1,0
952,1,1
953,1,0
954,1,1
955,1,0
956,0,0
957,1,1
958,1,1
959,1,1
960,1,1
961,1,0
962,1,0
963,1,1
964,1,1
965,0,0
966,1,1
967,1,0
968,1,0
969,1,0
970,1,1
971,1,0
972,0,0
973,1,1
974,0,1
975,1,1
976,0,0
977,1,1
978,1,0
979,1,0
980,1,1
981,1,0
982,1,1
983,0,0
984,1,0
985,1,0
986,1,0
987,0,0
988,1,0
989,1,0
990,1,1
991,1,0
992,1,0
993,1,1
994,1,0
995,1,0
996,1,1
997,1,0
998,1,0
999,1,0
1000,1,0
1001,1,1
1002,1,1
1003,1,0
1004,1,1
1005,1,1
1006,1,1
1007,1,1
1008,1,0
1009,1,0
1010,1,0
1011,1,1
1012,1,0
1013,1,0
1014,1,0
1015,0,0
1016,1,1
1017,1,0
1018,1,0
1019,1,1
1020,1,0
1021,1,1
1022,1,1
1023,0,1
1024,1,0
1025,1,0
1026,1,0
1027,1,1
1028,0,0
1029,1,1
1030,1,0
1031,1,1
1032,1,0
1033,1,0
1034,1,0
1035,1,0
1036,1,0
1037,1,0
1038,1,1
1039,0,0
1040,0,0
1041,1,1
1042,1,0
1043,1,1
1044,1,1
1045,1,0
1046,1,1
1047,1,0
1048,1,0
1049,1,0
1050,1,0
1051,1,1
1052,1,0
1053,0,0
1054,1,0
1055,1,1
1056,1,0
1057,1,0
1058,1,0
1059,1,1
1060,0,0
1061,1,1
1062,1,1
1063,1,1
1064,1,0
1065,1,0
1066,1,0
1067,1,0
1068,1,1
1069,1,1
1070,1,0
1071,1,1
1072,1,1
1073,1,1
1074,1,0
1075,1,0
1076,1,1
1077,1,1
1078,1,0
1079,1,1
1080,1,0
1081,1,1
1082,1,1
1083,1,1
1084,1,0
1085,1,1
1086,1,0
1087,1,0
1088,1,1
1089,1,0
1090,1,1
1091,1,0
1092,1,0
1093,1,1
1094,1,1
1095,1,1
1096,1,0
1097,1,1
1098,0,0
1099,1,0
1100,1,0
1101,1,0
1102,1,1
1103,1,0
1104,1,0
1105,1,0
1106,1,0
1107,1,0
1108,1,0
1109,1,1
1110,1,0
1111,1,1
1112,1,1
1113,1,0
1114,0,0
1115,1,1
1116,1,1
1117,1,1
1118,1,0
1119,1,0
1120,1,1
1121,1,0
1122,1,1
1123,1,0
1124,1,1
1125,1,1
1126,0,0
1127,1,1
1128,1,1
1129,0,0
1130,1,1
1131,1,1
1132,0,0
1133,1,0
1134,1,0
1135,1,0
1136,1,1
1137,0,0
1138,1,1
1139,1,0
1140,1,1
1141,1,1
1142,1,0
1143,1,0
1144,1,1
1145,1,1
1146,1,1
1147,1,0
1148,1,1
1149,1,1
1150,1,1
1151,0,0
1152,1,1
1153,1,1
1154,1,0
1155,1,1
1156,1,0
1157,1,1
1158,0,1
1159,1,0
1160,1,1
1161,1,1
1162,1,1
1163,1,1
1164,1,1
1165,1,0
1166,1,1
1167,1,0
1168,1,0
1169,1,0
1170,1,0
1171,1,0
1172,1,0
1173,1,1
1174,1,1
1175,1,0
1176,1,1
1177,1,1
1178,1,1
1179,1,0
1180,1,0
1181,1,1
1182,1,1
1183,1,0
1184,1,1
1185,1,1
1186,1,1
1187,1,0
1188,0,0
1189,1,1
1190,0,1
1191,1,0
1192,1,1
1193,0,0
1194,1,1
1195,1,1
1196,1,0
1197,1,0
1198,1,0
1199,1,0
1200,1,0
1201,1,1
1202,1,0
1203,1,0
1204,1,0
1205,1,0
1206,0,0
1207,1,1
1208,1,1
1209,1,0
1210,1,0
1211,0,0
1212,0,1
1213,1,0
1214,1,1
1215,1,1
1216,1,0
1217,1,0
1218,1,1
1219,1,1
1220,1,1
1221,0,1
1222,1,1
1223,1,1
1224,1,1
1225,1,1
1226,1,1
1227,1,1
1228,0,1
1229,1,0
1230,1,1
1231,1,0
1232,1,0
1233,1,0
1234,1,1
1235,1,1
1236,1,1
1237,1,0
1238,0,0
1239,1,0
1240,1,1
1241,0,0
1242,1,1
1243,1,0
1244,1,0
1245,1,0
1246,1,1
1247,1,0
1248,1,0
1249,1,0
1250,0,1
1251,1,1
1252,1,0
1253,1,1
1254,1,0
1255,1,1
1256,1,0
1257,1,1
1258,1,1
1259,0,0
1260,0,0
1261,1,1
1262,1,1
1263,1,1
1264,1,0
1265,1,0
1266,1,0
1267,1,0
1268,1,0
1269,1,1
1270,1,1
1271,1,0
1272,1,0
1273,1,1
1274,1,1
1275,1,1
1276,1,1
1277,1,1
1278,1,0
1279,1,1
1280,1,0
1281,1,0
1282,1,1
1283,1,0
1284,1,0
1285,0,0
1286,1,1
1287,1,1
1288,1,0
1289,1,0
1290,1,1
1291,1,1
1292,1,0
1293,1,0
1294,1,1
1295,0,0
1296,1,0
1297,1,0
1298,1,0
1299,1,1
1300,1,1
1301,0,0
1302,1,1
1303,1,0
1304,1,0
1305,1,1
1306,1,0
1307,1,1
1308,1,0
1309,1,0
1310,1,1
1311,1,0
1312,1,1
1313,1,1
1314,1,1
1315,1,1
1316,1,0
1317,1,0
1318,1,0
1319,1,0
1320,1,1
1321,1,0
1322,1,1
1323,1,0
1324,1,1
1325,1,1
1326,1,0
1327,1,1
1328,1,0
1329,1,0
1330,1,0
1331,0,0
1332,1,1
1333,1,1
1334,0,1
1335,1,0
1336,1,0
1337,1,0
1338,1,0
1339,1,0
1340,1,1
1341,1,0
1342,1,0
1343,1,0
1344,1,0
1345,1,1
1346,1,0
1347,1,0
1348,1,1
1349,0,0
1350,1,1
1351,1,0
1352,1,0
1353,1,0
1354,0,0
1355,1,0
1356,1,1
1357,1,0
1358,1,1
1359,0,0
1360,0,0
1361,1,1
1362,1,1
1363,1,1
1364,1,1
1365,1,1
1366,1,1
1367,1,1
1368,1,1
1369,1,0
1370,1,1
1371,1,0
1372,1,1
1373,1,1
1374,1,0
1375,1,1
1376,1,0
1377,1,1
1378,1,1
1379,1,1
1380,1,0
1381,1,1
1382,1,1
1383,1,0
1384,1,1
1385,1,0
1386,1,1
1387,1,1
1388,1,0
1389,1,0
1390,1,1
1391,1,0
1392,1,1
1393,1,1
1394,1,0
1395,1,0
1396,1,1
1397,0,0
1398,1,1
1399,0,1
1400,1,0
1401,1,1
1402,1,0
1403,1,0
1404,1,0
1405,0,0
1406,1,1
1407,1,1
1408,0,1
1409,1,1
1410,1,1
1411,1,0
1412,1,0
1413,1,1
1414,1,1
1415,1,0
1416,1,0
1417,1,1
1418,1,0
1419,1,1
1420,1,0
1421,1,0
1422,1,0
1423,1,0
1424,1,0
1425,1,0
1426,1,0
1427,1,0
1428,1,0
1429,0,0
1430,1,0
1431,1,0
1432,1,0
1433,1,0
1434,1,1
1435,1,1
1436,1,0
1437,0,0
1438,1,0
1439,1,1
1440,1,0
1441,1,0
1442,1,1
1443,1,1
1444,1,1
1445,1,1
1446,1,0
1447,1,1
1448,0,1
1449,1,0
1450,1,1
1451,1,0
1452,1,0
1453,1,0
1454,1,1
1455,1,0
1456,1,1
1457,1,0
1458,0,1
1459,1,1
1460,1,1
1461,1,1
1462,1,1
1463,1,0
1464,1,1
1465,1,1
1466,1,1
1467,1,1
1468,1,0
1469,1,0
1470,1,0
1471,1,0
1472,1,1
1473,1,0
1474,1,1
1475,0,0
1476,1,0
1477,1,0
1478,1,1
1479,1,1
1480,1,1
1481,1,1
1482,0,0
1483,0,0
1484,1,0
1485,1,0
1486,1,1
1487,1,0
1488,1,0
1489,1,1
1490,1,1
1491,1,0
1492,1,0
1493,0,1
1494,1,0
1495,0,0
1496,1,0
1497,1,0
1498,1,1
1499,1,1
1500,1,1
1501,1,1
1502,1,0
1503,1,1
1504,1,1
1505,1,1
1506,1,0
1507,1,1
1508,1,1
1509,1,0
1510,0,1
1511,1,1
1512,1,1
1513,0,0
1514,1,0
1515,1,0
1516,1,1
1517,1,0
1518,1,1
1519,1,1
1520,1,0
1521,1,1
1522,1,1
1523,1,0
1524,1,0
1525,1,0
1526,1,1
1527,1,1
1528,0,0
1529,1,0
1530,1,0
1531,1,0
1532,1,1
1533,1,0
1534,0,1
1535,1,1
1536,1,0
1537,1,1
1538,1,1
1539,1,1
1540,1,0
1541,1,1
1542,1,0
1543,1,0
1544,1,0
1545,0,0
1546,1,1
1547,0,0
1548,1,1
1549,1,1
1550,1,0
1551,1,1
1552,1,0
1553,1,1
1554,1,1
1555,1,1
1556,1,0
1557,1,1
1558,1,0
1559,1,0
1560,0,0
1561,1,0
1562,1,0
1563,1,0
1564,1,1
1565,1,0
1566,1,1
1567,1,1
1568,1,0
1569,1,0
1570,1,0
1571,1,1
1572,0,1
1573,1,1
1574,1,1
1575,1,0
1576,1,0
1577,1,0
1578,1,1
1579,1,0
1580,1,0
1581,1,1
1582,1,0
1583,0,0
1584,1,0
1585,1,0
1586,1,0
1587,1,0
1588,1,1
1589,0,0
1590,1,0
1591,1,1
1592,1,0
1593,1,0
1594,1,1
1595,1,1
1596,1,1
1597,0,0
1598,1,1
1599,1,0
1600,1,0
1601,1,0
1602,1,0
1603,1,1
1604,1,1
1605,1,0
1606,1,1
1607,1,0
1608,1,0
1609,1,0
1610,1,1
1611,0,0
1612,1,1
1613,1,1
1614,1,0
1615,1,1
1616,1,0
1617,0,1
1618,1,0
1619,1,1
1620,1,0
1621,0,0
1622,1,0
1623,1,1
1624,1,1
1625,0,0
1626,1,0
1627,1,1
1628,1,1
1629,1,1
1630,1,1
1631,1,1
1632,1,1
1633,1,1
1634,1,0
1635,1,1
1636,1,0
1637,1,0
1638,0,0
1639,1,0
1640,1,1
1641,0,1
1642,1,1
1643,1,1
1644,1,1
1645,1,1
1646,1,1
1647,1,0
1648,1,0
1649,1,1
1650,1,1
1651,1,0
1652,1,1
1653,1,0
1654,0,1
1655,1,1
1656,0,0
1657,1,0
1658,1,1
1659,1,1
1660,1,1
1661,1,0
1662,1,1
1663,0,0
1664,1,1
1665,0,0
1666,1,0
1667,1,0
1668,1,1
1669,1,1
1670,1,1
1671,1,0
1672,1,1
1673,1,1
1674,1,1
1675,0,0
1676,1,0
1677,1,0
1678,1,0
1679,1,1
1680,1,0
1681,1,0
1682,1,0
1683,1,1
1684,1,1
1685,1,0
1686,1,1
1687,1,1
1688,0,1
1689,1,1
1690,1,1
1691,1,1
1692,1,1
1693,1,1
1694,1,1
1695,1,1
1696,1,1
1697,1,1
1698,1,0
1699,1,0
1700,1,0
1701,1,0
1702,0,0
1703,1,0
1704,1,0
1705,1,1
1706,1,1
1707,1,0
1708,1,0
1709,1,0
1710,0,0
1711,0,0
1712,1,0
1713,1,1
1714,1,1
1715,1,1
1716,1,0
1717,1,0
1718,1,0
1719,1,0
1720,1,1
1721,1,0
1722,1,1
1723,1,1
1724,0,0
1725,1,0
1726,0,0
1727,1,0
1728,1,1
1729,1,1
1730,1,1
1731,1,1
1732,0,0
1733,1,0
1734,1,0
1735,1,0
1736,1,1
1737,1,0
1738,0,0
1739,0,1
1740,1,0
1741,1,0
1742,1,1
1743,1,0
1744,1,0
1745,1,1
1746,1,0
1747,1,0
1748,1,1
1749,1,1
1750,1,0
1751,1,0
1752,0,1
1753,1,1
1754,0,0
1755,1,1
1756,1,0
1757,1,0
1758,1,0
1759,1,1
1760,1,1
1761,1,0
1762,1,0
1763,1,0
1764,1,1
1765,1,1
1766,1,0
1767,1,0
1768,1,0
1769,0,0
1770,1,1
1771,0,0
1772,1,0
1773,1,1
1774,1,1
1775,1,0
1776,1,0
1777,1,1
1778,1,0
1779,1,1
1780,1,0
1781,1,0
1782,1,0
1783,0,0
1784,1,1
1785,1,0
1786,1,1
1787,1,1
1788,1,1
1789,1,0
1790,1,1
1791,1,1
1792,1,0
1793,1,0
1794,1,0
1795,1,1
1796,1,1
1797,1,0
1798,1,1
1799,1,1
1800,1,0
1801,0,1
1802,1,1
1803,1,1
1804,0,1
1805,0,0
1806,1,0
1807,1,1
1808,1,0
1809,1,1
1810,1,0
1811,1,1
1812,1,1
1813,1,0
1814,1,1
1815,0,0
1816,1,0
1817,0,0
1818,1,1
1819,1,0
1820,1,0
1821,1,0
1822,1,0
1823,1,0
1824,0,0
1825,1,0
1826,0,0
1827,1,0
1828,1,1
1829,1,1
1830,1,0
1831,1,0
1832,1,0
1833,1,0
1834,1,1
1835,1,0
1836,1,0
1837,1,0
1838,1,1
1839,1,0
1840,1,0
1841,1,1
1842,0,0
1843,1,0
1844,1,1
1845,1,1
1846,1,0
1847,1,0
1848,1,0
1849,1,1
1850,1,0
1851,0,0
1852,1,0
1853,0,0
1854,1,1
1855,1,1
1856,1,1
1857,1,0
1858,0,0
1859,1,0
1860,1,1
1861,1,0
1862,1,1
1863,1,1
1864,1,0
1865,1,0
1866,0,1
1867,1,0
1868,1,1
1869,0,0
1870,1,0
1871,1,0
1872,1,1
1873,1,1
1874,0,0
1875,1,1
1876,1,1
1877,1,1
1878,1,0
1879,1,1
1880,1,0
1881,1,0
1882,1,0
1883,1,1
1884,0,0
1885,1,1
1886,1,0
1887,1,1
1888,1,0
1889,1,0
1890,1,0
1891,1,0
1892,1,1
1893,1,1
1894,1,0
1895,1,1
1896,0,0
1897,1,1
1898,1,1
1899,1,1
1900,1,0
1901,1,1
1902,1,1
1903,1,1
1904,1,1
1905,1,0
1906,1,0
1907,1,0
1908,1,1
1909,1,1
1910,1,0
1911,1,0
1912,1,0
1913,0,0
1914,1,1
1915,1,1
1916,1,1
1917,1,1
1918,0,0
1919,1,0
1920,1,1
1921,1,1
1922,1,1
1923,1,1
1924,1,0
1925,0,0
1926,1,0
1927,1,0
1928,0,1
1929,1,1
1930,0,0
1931,1,1
1932,1,1
1933,0,0
1934,1,1
1935,0,0
1936,0,1
1937,0,1
1938,1,1
1939,1,0
1940,1,0
1941,1,0
1942,1,1
1943,1,0
1944,1,0
1945,1,1
1946,1,0
1947,1,0
1948,1,0
1949,1,1
1950,0,0
1951,1,0
1952,1,1
1953,1,1
1954,1,0
1955,1,1
1956,1,0
1957,1,1
1958,1,0
1959,1,0
1960,1,1
1961,1,1
1962,1,0
1963,1,1
1964,1,0
1965,1,1
1966,1,1
1967,1,0
1968,1,0
1969,1,1
1970,1,0
1971,1,0
1972,1,0
1973,1,1
1974,0,0
1975,1,1
1976,1,1
1977,1,1
1978,1,1
1979,1,1
1980,1,1
1981,1,1
1982,1,0
1983,1,0
1984,1,1
1985,0,1
1986,1,0
1987,1,1
1988,1,0
1989,1,1
1990,1,1
1991,1,1
1992,1,0
1993,1,1
1994,1,1
1995,1,0
1996,1,1
1997,1,1
1998,1,0
1999,1,0
2000,1,0
2001,1,1
2002,1,1
2003,1,0
2004,1,0
2005,1,0
2006,1,1
2007,1,1
2008,1,1
2009,1,0
2010,1,0
2011,1,0
2012,0,0
2013,1,1
2014,1,0
2015,1,0
2016,1,1
2017,1,0
2018,1,0
2019,0,1
2020,1,0
2021,1,1
2022,0,1
2023,1,1
2024,1,0
2025,0,0
2026,1,0
2027,1,1
2028,0,1
2029,0,0
2030,0,0
2031,1,1
2032,1,1
2033,1,0
2034,1,0
2035,1,1
2036,1,1
2037,1,0
2038,1,0
2039,0,0
2040,1,0
2041,0,0
2042,1,0
2043,1,0
2044,1,1
2045,1,0
2046,1,1
2047,1,1
2048,1,1
2049,1,0
2050,0,0
2051,1,1
2052,1,0
2053,1,1
2054,1,0
2055,1,0
2056,1,0
2057,1,1
2058,1,0
2059,1,0
2060,1,0
2061,1,0
2062,1,1
2063,1,1
2064,1,0
2065,1,0
2066,1,0
2067,1,1
2068,1,1
2069,1,0
2070,1,1
2071,1,0
2072,1,0
2073,0,1
2074,1,0
2075,1,1
2076,1,1
2077,1,1
2078,1,1
2079,0,0
2080,1,1
2081,1,0
2082,1,0
2083,1,0
2084,1,0
2085,1,0
2086,1,0
2087,1,0
2088,1,0
2089,1,0
2090,1,0
2091,1,1
2092,1,0
2093,0,0
2094,1,1
2095,1,1
2096,1,1
2097,1,1
2098,1,0
2099,1,1
2100,0,0
2101,1,0
2102,1,1
2103,1,0
2104,1,1
2105,1,0
2106,0,0
2107,0,0
2108,1,1
2109,1,0
2110,1,1
2111,1,0
2112,1,0
2113,1,1
2114,1,0
2115,1,0
2116,1,1
2117,1,1
2118,1,0
2119,1,1
2120,1,0
2121,0,0
2122,1,1
2123,1,1
2124,1,0
2125,1,1
2126,1,0
2127,1,0
2128,1,1
2129,1,1
2130,1,0
2131,1,0
2132,1,1
2133,1,0
2134,1,1
2135,1,0
2136,1,1
2137,1,1
2138,1,1
2139,1,0
2140,0,0
2141,1,0
2142,1,0
2143,1,1
2144,1,1
2145,1,1
2146,1,1
2147,1,1
2148,1,0
2149,1,0
2150,1,1
2151,0,1
2152,1,1
2153,1,0
2154,1,1
2155,1,0
2156,1,0
2157,1,1
2158,1,0
2159,1,1
2160,1,1
2161,1,0
2162,1,1
2163,1,0
2164,1,0
2165,0,0
2166,1,0
2167,1,0
2168,1,0
2169,1,0
2170,0,0
2171,1,0
2172,0,1
2173,0,1
2174,1,1
2175,1,1
2176,1,1
2177,1,0
2178,1,1
2179,1,1
2180,1,1
2181,1,0
2182,1,0
2183,1,1
2184,1,1
2185,1,0
2186,0,0
2187,1,1
2188,1,0
2189,1,1
2190,1,1
2191,1,0
2192,1,0
2193,1,0
2194,1,0
2195,1,1
2196,1,0
2197,1,0
2198,1,1
2199,1,0
2200,1,1
2201,1,1
2202,1,0
2203,1,1
2204,1,0
2205,1,0
2206,1,1
2207,1,0
2208,1,0
2209,0,1
2210,1,0
2211,1,0
2212,1,1
2213,1,1
2214,0,0
2215,1,0
2216,1,0
2217,1,1
2218,1,0
2219,1,1
2220,1,0
2221,0,0
2222,0,1
2223,1,0
2224,1,1
2225,1,0
2226,1,1
2227,1,1
2228,1,1
2229,1,1
2230,1,1
2231,1,0
2232,1,0
2233,1,0
2234,1,0
2235,1,1
2236,1,0
2237,1,0
2238,1,1
2239,1,0
2240,1,1
2241,1,0
2242,0,0
2243,1,1
2244,1,0
2245,1,1
2246,0,0
2247,1,1
2248,1,0
2249,1,1
2250,1,1
2251,1,1
2252,1,0
2253,0,0
2254,1,1
2255,1,1
2256,1,0
2257,1,0
2258,1,0
2259,1,0
2260,1,0
2261,1,1
2262,1,1
2263,1,0
2264,1,0
2265,1,0
2266,1,1
2267,1,1
2268,1,1
2269,1,1
2270,0,0
2271,1,1
2272,1,0
2273,1,1
2274,1,0
2275,1,1
2276,0,0
2277,1,1
2278,1,0
2279,1,0
2280,1,1
2281,1,1
2282,1,0
2283,1,1
2284,1,1
2285,1,0
2286,1,1
2287,0,1
2288,1,1
2289,1,1
2290,1,1
2291,1,0
2292,1,0
2293,1,1
2294,1,0
2295,0,1
2296,1,1
2297,0,1
2298,1,1
2299,1,0
2300,0,0
2301,1,0
2302,1,0
2303,1,1
2304,0,1
2305,1,0
2306,0,0
2307,1,0
2308,1,0
2309,1,0
2310,1,0
2311,1,0
2312,1,1
2313,1,1
2314,1,0
2315,1,0
2316,1,1
2317,1,1
2318,1,0
2319,1,1
2320,1,0
2321,0,0
2322,0,0
2323,1,1
2324,0,0
2325,1,1
2326,1,0
2327,1,1
2328,1,0
2329,1,1
2330,1,1
2331,1,0
2332,1,1
2333,1,1
2334,1,1
2335,1,0
2336,1,0
2337,1,0
2338,1,0
2339,1,1
2340,1,1
2341,1,1
2342,1,0
2343,1,1
2344,1,0
2345,1,0
2346,1,1
2347,1,1
2348,1,1
2349,1,1
2350,0,0
2351,1,1
2352,1,1
2353,1,1
2354,1,1
2355,1,1
2356,1,0
2357,1,1
2358,1,1
2359,1,1
2360,1,1
2361,1,1
2362,1,0
2363,1,1
2364,1,1
2365,1,1
2366,0,1
2367,1,0
2368,1,1
2369,1,1
2370,1,0
2371,1,1
2372,0,0
2373,1,1
2374,1,1
2375,1,0
2376,1,1
2377,1,1
2378,1,1
2379,1,0
2380,1,1
2381,1,0
2382,1,0
2383,1,0
2384,1,0
2385,1,0
2386,1,1
2387,0,0
2388,1,1
2389,1,1
2390,1,1
2391,1,1
2392,1,1
2393,1,0
2394,1,1
2395,1,1
2396,0,0
2397,1,0
2398,1,0
2399,1,1
2400,0,0
2401,1,1
2402,0,0
2403,1,0
2404,1,0
2405,1,1
2406,0,0
2407,0,1
2408,1,0
2409,1,0
2410,1,0
2411,1,0
2412,1,1
2413,1,1
2414,1,1
2415,1,1
2416,1,0
2417,1,1
2418,1,1
2419,1,0
2420,1,1
2421,1,1
2422,0,0
2423,1,0
2424,1,1
2425,1,1
2426,1,0
2427,1,1
2428,1,1
2429,1,0
2430,1,1
2431,1,1
2432,1,1
2433,1,1
2434,1,1
2435,1,0
2436,1,0
2437,1,0
2438,1,1
2439,1,1
2440,1,1
2441,1,0
2442,1,1
2443,0,0
2444,0,1
2445,1,0
2446,1,1
2447,1,1
2448,1,0
2449,1,0
2450,1,0
2451,1,0
2452,1,0
2453,1,0
2454,1,1
2455,1,0
2456,1,1
2457,1,1
2458,1,0
2459,0,1
2460,1,1
2461,1,1
2462,1,1
2463,1,1
2464,1,0
2465,0,1
2466,1,1
2467,1,1
2468,1,0
2469,1,1
2470,1,0
2471,1,1
2472,1,0
2473,1,0
2474,1,0
2475,1,0
2476,1,0
2477,1,1
2478,1,0
2479,1,1
2480,1,1
2481,1,0
2482,1,1
2483,1,1
2484,1,1
2485,1,1
2486,1,1
2487,1,0
2488,1,0
2489,1,1
2490,1,1
2491,1,0
2492,1,0
2493,1,1
2494,1,1
2495,1,1
2496,1,0
2497,1,0
2498,1,1
2499,1,1
2500,1,1
2501,0,0
2502,1,0
2503,1,0
2504,1,0
2505,1,1
2506,1,1
2507,1,1
2508,1,1
2509,1,0
2510,1,0
2511,1,1
2512,0,0
2513,1,0
2514,1,0
2515,1,0
2516,1,1
2517,1,1
2518,1,1
2519,1,0
2520,1,0
2521,1,0
2522,0,1
2523,1,0
2524,1,1
2525,1,0
2526,1,0
2527,1,1
2528,1,1
2529,1,1
2530,1,0
2531,1,0
2532,1,0
2533,1,0
2534,1,1
2535,1,0
2536,1,1
2537,1,1
2538,1,1
2539,1,0
2540,1,0
2541,1,0
2542,1,1
2543,0,0
2544,1,0
2545,1,0
2546,0,0
2547,1,1
2548,1,1
2549,1,1
2550,1,0
2551,1,1
2552,1,1
2553,1,1
2554,1,1
2555,1,0
2556,1,0
2557,1,1
2558,1,0
2559,1,1
2560,1,1
2561,1,1
2562,1,0
2563,1,1
2564,1,1
2565,1,1
2566,1,0
2567,1,0
2568,1,0
2569,1,1
2570,1,0
2571,1,1
2572,1,0
2573,1,1
2574,1,0
2575,1,0
2576,1,0
2577,0,0
2578,1,1
2579,1,1
2580,1,1
2581,1,0
2582,1,0
2583,1,1
2584,1,1
2585,1,1
2586,1,1
2587,1,1
2588,1,1
2589,1,0
2590,0,0
2591,1,1
2592,1,1
2593,1,0
2594,1,0
2595,1,0
2596,1,0
2597,1,1
2598,1,1
2599,1,0
2600,1,0
2601,1,1
2602,1,0
2603,1,0
2604,1,1
2605,1,0
2606,1,0
2607,1,1
2608,1,0
2609,1,0
2610,1,1
2611,1,0
2612,0,0
2613,1,1
2614,0,0
2615,1,1
2616,1,1
2617,1,1
2618,1,0
2619,1,0
2620,1,0
2621,1,1
2622,1,0
2623,1,1
2624,1,0
2625,1,0
2626,1,0
2627,0,0
2628,1,1
2629,1,0
2630,1,1
2631,1,1
2632,1,1
2633,0,1
2634,1,1
2635,1,0
2636,1,0
2637,1,0
2638,1,1
2639,1,1
2640,1,0
2641,1,0
2642,1,0
2643,1,1
2644,1,1
2645,1,1
2646,1,0
2647,1,0
2648,1,1
2649,1,1
2650,1,1
2651,1,1
2652,1,0
2653,1,1
2654,0,0
2655,1,0
2656,1,0
2657,1,1
2658,1,1
2659,1,1
2660,1,1
2661,1,0
2662,1,1
2663,1,1
2664,1,0
2665,1,1
2666,1,1
2667,1,1
2668,1,0
2669,1,1
2670,0,1
2671,1,0
2672,1,0
2673,1,0
2674,1,1
2675,1,1
2676,1,1
2677,1,1
2678,0,0
2679,1,1
2680,1,1
2681,1,1
2682,1,0
2683,1,1
2684,1,0
2685,1,1
2686,1,0
2687,1,1
2688,1,0
2689,1,1
2690,1,0
2691,1,0
2692,1,1
2693,1,0
2694,1,0
2695,1,1
2696,1,1
2697,1,1
2698,1,0
2699,1,1
2700,1,0
2701,1,1
2702,0,0
2703,1,1
2704,1,0
2705,0,0
2706,1,1
2707,0,0
2708,1,1
2709,1,1
2710,1,0
2711,1,1
2712,1,0
2713,1,1
2714,1,0
2715,0,1
2716,1,1
2717,1,0
2718,1,1
2719,1,1
2720,1,0
2721,1,1
2722,1,0
2723,1,1
2724,1,0
2725,1,0
2726,1,1
2727,1,1
2728,1,0
2729,1,0
2730,1,1
2731,0,0
2732,1,0
2733,1,0
2734,1,1
2735,1,0
2736,1,1
2737,1,0
2738,0,0
2739,1,0
2740,0,0
2741,1,1
2742,1,0
2743,1,1
2744,0,0
2745,1,0
2746,1,1
2747,1,0
2748,1,0
2749,1,1
2750,1,0
2751,1,0
2752,1,0
2753,1,0
2754,1,0
2755,1,0
2756,1,0
2757,1,1
2758,0,0
2759,1,0
2760,1,0
2761,0,0
2762,1,1
2763,0,0
2764,1,0
2765,1,0
2766,1,1
2767,1,1
2768,1,1
2769,1,1
2770,1,1
2771,1,1
2772,1,0
2773,1,1
2774,1,1
2775,1,0
2776,1,1
2777,1,1
2778,1,0
2779,1,0
2780,1,0
2781,1,0
2782,1,1
2783,1,1
2784,1,1
2785,1,1
2786,1,0
2787,1,1
2788,0,0
2789,0,0
2790,1,1
2791,1,0
2792,0,1
2793,0,1
2794,1,1
2795,1,1
2796,1,0
2797,1,1
2798,1,0
2799,1,1
2800,1,0
2801,1,0
2802,1,1
2803,1,0
2804,0,1
2805,1,1
2806,1,1
2807,0,0
2808,0,0
2809,1,1
2810,1,0
2811,1,1
2812,1,0
2813,1,0
2814,1,1
2815,1,1
2816,0,1
2817,1,0
2818,1,0
2819,1,0
2820,1,1
2821,1,1
2822,1,1
2823,1,0
2824,1,0
2825,1,1
2826,1,0
2827,1,1
2828,1,1
2829,1,1
2830,0,0
2831,1,0
2832,1,0
2833,1,0
2834,1,1
2835,1,1
2836,1,1
2837,1,0
2838,1,0
2839,1,0
2840,1,0
2841,1,1
2842,1,1
2843,0,0
2844,1,1
2845,1,0
2846,1,0
2847,0,1
2848,1,1
2849,1,0
2850,1,1
2851,1,0
2852,1,0
2853,0,1
2854,1,0
2855,1,0
2856,1,0
2857,1,1
2858,1,1
2859,1,1
2860,1,1
2861,1,1
2862,1,1
2863,1,0
2864,1,1
2865,1,0
2866,1,1
2867,1,1
2868,1,0
2869,0,0
2870,1,1
2871,1,1
2872,1,0
2873,1,0
2874,0,1
2875,1,0
2876,1,1
2877,1,0
2878,1,0
2879,1,1
2880,1,1
2881,1,0
2882,1,1
2883,1,1
2884,1,1
2885,1,1
2886,1,0
2887,1,1
2888,1,1
2889,1,0
2890,1,0
2891,0,1
2892,1,0
2893,1,0
2894,1,1
2895,0,1
2896,1,1
2897,0,0
2898,0,0
2899,1,0
2900,1,1
2901,1,1
2902,0,0
2903,1,0
2904,1,1
2905,1,0
2906,1,1
2907,1,1
2908,1,1
2909,1,1
2910,1,1
2911,1,0
2912,1,1
2913,1,0
2914,1,1
2915,1,1
2916,0,1
2917,1,1
2918,1,1
2919,1,1
2920,1,0
2921,1,0
2922,1,0
2923,1,0
2924,1,0
2925,1,0
2926,1,1
2927,1,0
2928,1,1
2929,1,0
2930,1,1
2931,1,1
2932,0,0
2933,1,0
2934,1,1
2935,1,1
2936,1,1
2937,1,1
2938,1,0
2939,0,0
2940,1,1
2941,1,1
2942,1,1
2943,1,1
2944,1,0
2945,0,0
2946,1,0
2947,1,1
2948,1,1
2949,1,1
2950,1,0
2951,1,1
2952,0,0
2953,0,0
2954,1,0
2955,1,0
2956,1,1
2957,1,0
2958,0,0
2959,1,1
2960,1,0
2961,1,0
2962,1,0
2963,1,0
2964,1,1
2965,1,1
2966,0,0
2967,0,0
2968,1,0
2969,1,0
2970,1,1
2971,1,0
2972,1,1
2973,1,0
2974,1,1
2975,1,0
2976,1,0
2977,1,1
2978,1,0
2979,1,1
2980,1,0
2981,1,0
2982,1,1
2983,1,1
2984,1,0
2985,1,1
2986,1,1
2987,1,1
2988,1,0
2989,1,1
2990,1,0
2991,1,0
2992,1,1
2993,0,1
2994,1,1
2995,1,1
2996,1,0
2997,1,1
2998,1,1
2999,1,0
3000,1,0
3001,0,1
3002,1,1
3003,1,1
3004,1,0
3005,0,1
3006,1,0
3007,1,1
3008,1,1
3009,1,1
3010,1,0
3011,1,0
3012,1,1
3013,1,0
3014,1,0
3015,1,1
3016,1,1
3017,1,1
3018,1,0
3019,1,0
3020,0,0
3021,1,0
3022,1,1
3023,1,0
3024,1,1
3025,1,0
3026,1,1
3027,1,1
3028,1,1
3029,1,1
3030,1,0
3031,1,0
3032,1,0
3033,1,0
3034,1,0
3035,1,0
3036,1,0
3037,1,1
3038,1,1
3039,0,0
3040,1,0
3041,1,1
3042,1,0
3043,1,0
3044,1,0
3045,1,0
3046,1,1
3047,1,0
3048,1,0
3049,1,0
3050,1,0
3051,1,1
3052,1,1
3053,1,1
3054,1,1
3055,1,0
3056,1,1
3057,1,1
3058,1,0
3059,1,1
3060,1,1
3061,1,1
3062,1,1
3063,1,1
3064,1,1
3065,1,0
3066,1,1
3067,1,1
3068,1,0
3069,1,1
3070,1,0
3071,1,0
3072,1,1
3073,0,0
3074,1,1
3075,1,1
3076,1,0
3077,1,0
3078,1,0
3079,1,1
3080,1,1
3081,1,1
3082,1,1
3083,1,0
3084,0,0
3085,1,0
3086,1,0
3087,1,0
3088,1,1
3089,1,0
3090,1,1
3091,1,0
3092,1,0
3093,1,0
3094,1,1
3095,1,0
3096,1,0
3097,1,0
3098,1,1
3099,1,1
3100,1,1
3101,1,1
3102,1,0
3103,1,0
3104,1,1
3105,1,0
3106,0,0
3107,1,0
3108,1,1
3109,1,0
3110,1,1
3111,0,0
3112,1,0
3113,1,0
3114,1,1
3115,1,0
3116,1,0
3117,1,0
3118,1,0
3119,1,1
3120,1,0
3121,1,1
3122,1,0
3123,1,0
3124,1,0
3125,1,0
3126,1,1
3127,1,1
3128,1,1
3129,1,1
3130,1,0
3131,1,1
3132,1,1
3133,1,0
3134,0,0
3135,1,0
3136,1,0
3137,1,1
3138,1,1
3139,1,0
3140,1,1
3141,1,0
3142,1,0
3143,1,0
3144,1,0
3145,1,0
3146,1,0
3147,0,0
3148,0,1
3149,1,1
3150,1,1
3151,1,1
3152,1,0
3153,1,1
3154,1,0
3155,1,1
3156,1,1
3157,1,1
3158,1,1
3159,1,1
3160,1,1
3161,1,0
3162,1,1
3163,1,1
3164,1,0
3165,1,1
3166,1,0
3167,1,1
3168,1,0
3169,1,0
3170,1,1
3171,1,0
3172,1,0
3173,0,0
3174,1,1
3175,1,1
3176,1,0
3177,1,1
3178,1,0
3179,1,1
3180,1,0
3181,1,0
3182,1,1
3183,1,1
3184,0,0
3185,1,1
3186,1,1
3187,0,1
3188,1,0
3189,1,1
3190,1,0
3191,1,0
3192,0,0
3193,1,0
3194,1,1
3195,1,0
3196,1,0
3197,1,0
3198,1,0
3199,1,0
3200,1,0
3201,1,1
3202,1,1
3203,1,0
3204,0,0
3205,0,1
3206,1,0
3207,1,1
3208,0,1
3209,1,1
3210,1,0
3211,1,0
3212,1,0
3213,1,0
3214,1,0
3215,1,1
3216,1,1
3217,1,0
3218,1,1
3219,1,0
3220,1,1
3221,1,0
3222,1,0
3223,0,1
3224,1,1
3225,1,0
3226,1,1
3227,1,0
3228,1,0
3229,1,0
3230,1,1
3231,1,1
3232,1,0
3233,1,1
3234,1,0
3235,1,1
3236,0,1
3237,1,0
3238,1,1
3239,0,0
3240,1,0
3241,1,0
3242,1,1
3243,0,0
3244,1,1
3245,1,0
3246,1,0
3247,1,0
3248,1,0
3249,0,1
3250,1,0
3251,1,1
3252,0,0
3253,1,0
3254,1,0
3255,0,0
3256,1,0
3257,1,1
3258,1,1
3259,1,1
3260,0,0
3261,1,0
3262,1,1
3263,1,1
3264,1,0
3265,0,0
3266,1,1
3267,1,0
3268,1,1
3269,1,1
3270,1,1
3271,1,1
3272,1,0
3273,0,0
3274,1,1
3275,1,0
3276,1,0
3277,1,0
3278,0,0
3279,1,1
3280,1,0
3281,1,1
3282,0,0
3283,1,1
3284,1,1
3285,1,1
3286,0,0
3287,0,0
3288,1,1
3289,1,0
3290,1,0
3291,1,0
3292,0,0
3293,1,0
3294,1,1
3295,0,1
3296,1,0
3297,0,0
3298,0,0
3299,0,0
3300,1,1
3301,1,0
3302,1,0
3303,0,1
3304,1,0
3305,1,1
3306,1,0
3307,1,1
3308,1,0
3309,1,1
3310,1,0
3311,1,1
3312,1,0
3313,1,0
3314,1,1
3315,0,0
3316,1,0
3317,0,1
3318,1,1
3319,1,0
3320,1,0
3321,1,1
3322,1,1
3323,1,1
3324,1,0
3325,1,0
3326,1,1
3327,0,0
3328,1,0
3329,1,0
3330,1,1
3331,1,0
3332,1,0
3333,1,1
3334,1,0
3335,1,1
3336,1,1
3337,0,0
3338,1,0
3339,1,0
3340,1,1
3341,1,1
3342,1,0
3343,1,1
3344,0,0
3345,1,1
3346,1,0
3347,1,1
3348,1,1
3349,1,0
3350,1,1
3351,1,0
3352,1,1
3353,1,0
3354,1,1
3355,0,1
3356,1,1
3357,1,0
3358,1,1
3359,1,1
3360,1,0
3361,1,0
3362,1,1
3363,1,0
3364,1,1
3365,1,0
3366,1,0
3367,1,1
3368,1,1
3369,1,0
3370,0,0
3371,1,0
3372,1,1
3373,1,1
3374,1,0
3375,1,1
3376,1,1
3377,0,1
3378,1,0
3379,1,0
3380,1,1
3381,1,1
3382,1,0
3383,1,1
3384,0,0
3385,1,1
3386,1,0
3387,1,0
3388,1,0
3389,1,1
3390,1,1
3391,1,1
3392,1,0
3393,1,1
3394,1,0
3395,1,0
3396,1,0
3397,1,1
3398,0,0
3399,1,1
3400,1,1
3401,0,0
3402,1,0
3403,1,0
3404,1,1
3405,1,1
3406,1,1
3407,1,1
3408,1,1
3409,1,1
3410,1,1
3411,1,0
3412,1,0
3413,1,0
3414,1,0
3415,1,0
3416,1,0
3417,1,1
3418,1,1
3419,1,0
3420,1,1
3421,1,1
3422,1,0
3423,1,0
3424,0,0
3425,0,0
3426,1,1
3427,1,1
3428,1,1
3429,1,0
3430,1,0
3431,1,1
3432,1,0
3433,1,0
3434,1,0
3435,1,0
3436,1,0
3437,1,0
3438,1,0
3439,1,1
3440,1,0
3441,1,1
3442,1,1
3443,1,1
3444,1,0
3445,1,0
3446,1,1
3447,1,0
3448,1,1
3449,1,0
3450,1,1
3451,1,0
3452,1,0
3453,1,1
3454,0,0
3455,1,1
3456,1,1
3457,1,0
3458,1,0
3459,1,1
3460,1,1
3461,1,1
3462,1,1
3463,1,0
3464,1,0
3465,1,0
3466,0,0
3467,1,0
3468,1,0
3469,1,0
3470,1,1
3471,1,1
3472,0,0
3473,1,1
3474,0,0
3475,1,1
3476,0,0
3477,0,0
3478,1,1
3479,1,1
3480,1,1
3481,1,1
3482,1,0
3483,1,1
3484,1,1
3485,0,0
3486,1,1
3487,1,0
3488,1,1
3489,1,1
3490,1,1
3491,1,1
3492,1,0
3493,1,0
3494,1,0
3495,1,1
3496,1,1
3497,1,0
3498,1,1
3499,1,1
3500,1,0
3501,1,0
3502,1,0
3503,1,0
3504,1,0
3505,1,1
3506,1,0
3507,1,0
3508,1,1
3509,1,0
3510,1,1
3511,1,1
3512,1,1
3513,1,1
3514,1,0
3515,1,0
3516,1,0
3517,1,0
3518,1,0
3519,1,0
3520,1,1
3521,0,1
3522,1,1
3523,1,1
3524,1,1
3525,1,0
3526,1,1
3527,1,1
3528,1,1
3529,1,1
3530,1,0
3531,1,1
3532,1,1
3533,1,0
3534,1,0
3535,0,0
3536,0,0
3537,1,1
3538,1,1
3539,1,0
3540,0,0
3541,1,0
3542,1,1
3543,1,0
3544,1,1
3545,1,0
3546,1,0
3547,1,1
3548,1,1
3549,1,0
3550,1,1
3551,1,1
3552,1,0
3553,1,0
3554,1,0
3555,1,0
3556,1,1
3557,1,1
3558,1,1
3559,1,0
3560,1,1
3561,1,1
3562,0,0
3563,1,0
3564,0,1
3565,1,0
3566,1,1
3567,1,0
3568,1,0
3569,1,1
3570,1,1
3571,1,1
3572,1,0
3573,1,1
3574,1,0
3575,1,0
3576,1,1
3577,1,1
3578,1,0
3579,1,0
3580,1,1
3581,1,1
3582,1,0
3583,1,1
3584,1,0
3585,0,1
3586,1,1
3587,0,1
3588,1,0
3589,1,0
3590,1,1
3591,1,1
3592,1,0
3593,1,0
3594,1,1
3595,1,1
3596,1,1
3597,1,0
3598,1,0
3599,1,0
3600,1,0
3601,1,0
3602,1,1
3603,1,1
3604,1,0
3605,1,0
3606,0,1
3607,1,0
3608,1,1
3609,1,1
3610,1,1
3611,0,1
3612,1,0
3613,1,0
3614,1,1
3615,1,1
3616,1,1
3617,1,0
3618,0,1
3619,1,1
3620,1,0
3621,1,0
3622,1,0
3623,1,1
3624,1,0
3625,1,0
3626,1,0
3627,1,1
3628,1,0
3629,1,0
3630,1,0
3631,1,1
3632,1,0
3633,1,1
3634,1,1
3635,1,0
3636,1,1
3637,1,1
3638,1,1
3639,1,0
3640,1,1
3641,1,1
3642,1,1
3643,1,0
3644,1,1
3645,1,0
3646,0,0
3647,1,1
3648,1,1
3649,1,1
3650,1,1
3651,1,1
3652,1,0
3653,1,0
3654,1,0
3655,1,1
3656,1,0
3657,1,1
3658,1,0
3659,1,1
3660,1,0
3661,1,1
3662,1,1
3663,1,0
3664,1,1
3665,1,1
3666,1,0
3667,1,0
3668,1,0
3669,1,1
3670,1,0
3671,1,0
3672,1,0
3673,1,1
3674,0,0
3675,1,0
3676,0,0
3677,1,1
3678,1,0
3679,1,1
3680,1,1
3681,1,1
3682,1,0
3683,1,0
3684,1,1
3685,1,1
3686,1,1
3687,1,1
3688,1,1
3689,1,0
3690,1,0
3691,1,1
3692,1,1
3693,1,0
3694,1,1
3695,1,0
3696,1,0
3697,1,1
3698,1,1
3699,0,0
3700,1,1
3701,1,1
3702,1,1
3703,1,0
3704,1,0
3705,1,1
3706,1,0
3707,1,1
3708,1,1
3709,1,0
3710,1,1
3711,1,0
3712,1,0
3713,1,0
3714,1,1
3715,1,0
3716,1,1
3717,0,1
3718,1,1
3719,1,1
3720,1,1
3721,1,1
3722,1,1
3723,1,1
3724,1,1
3725,0,0
3726,1,0
3727,1,0
3728,1,0
3729,1,0
3730,1,1
3731,1,1
3732,1,1
3733,1,1
3734,1,1
3735,1,1
3736,0,0
3737,1,1
3738,1,1
3739,0,0
3740,1,1
3741,1,0
3742,1,1
3743,1,0
3744,1,0
3745,1,0
3746,1,0
3747,1,1
3748,1,0
3749,1,1
3750,0,0
3751,1,1
3752,1,0
3753,1,1
3754,1,0
3755,1,1
3756,1,1
3757,1,1
3758,1,0
3759,1,1
3760,1,1
3761,1,1
3762,1,1
3763,0,0
3764,1,1
3765,1,0
3766,0,0
3767,0,0
3768,1,0
3769,1,1
3770,1,1
3771,1,1
3772,1,1
3773,1,0
3774,1,0
3775,1,1
3776,1,0
3777,1,1
3778,1,1
3779,1,0
3780,1,1
3781,1,1
3782,1,1
3783,1,0
3784,1,0
3785,1,0
3786,1,1
3787,1,0
3788,1,1
3789,1,0
3790,1,1
3791,1,0
3792,1,0
3793,1,1
3794,1,0
3795,1,1
3796,1,1
3797,1,0
3798,1,1
3799,1,0
3800,1,0
3801,1,0
3802,1,0
3803,1,0
3804,1,0
3805,1,1
3806,1,1
3807,1,1
3808,1,1
3809,1,1
3810,1,1
3811,1,1
3812,1,0
3813,1,1
3814,1,1
3815,0,0
3816,1,0
3817,1,1
3818,1,0
3819,1,0
3820,1,1
3821,0,0
3822,1,1
3823,1,0
3824,1,1
3825,1,1
3826,1,1
3827,1,0
3828,1,0
3829,1,0
3830,1,1
3831,1,1
3832,1,1
3833,1,0
3834,1,1
3835,1,1
3836,1,0
3837,1,1
3838,0,0
3839,1,0
3840,1,1
3841,1,1
3842,1,1
3843,1,0
3844,1,1
3845,1,0
3846,1,0
3847,1,1
3848,1,1
3849,1,0
3850,1,0
3851,1,1
3852,0,1
3853,1,0
3854,1,0
3855,1,0
3856,1,0
3857,0,0
3858,1,1
3859,1,0
3860,1,0
3861,0,1
3862,1,1
3863,0,0
3864,1,1
3865,1,0
3866,1,0
3867,1,1
3868,1,1
3869,0,0
3870,1,1
3871,1,1
3872,1,0
3873,0,0
3874,1,0
3875,1,1
3876,1,1
3877,1,0
3878,1,0
3879,1,1
3880,0,0
3881,1,0
3882,1,1
3883,1,0
3884,1,1
3885,1,0
3886,1,0
3887,1,1
3888,1,1
3889,0,0
3890,1,0
3891,1,0
3892,1,1
3893,1,0
3894,0,1
3895,1,1
3896,1,0
3897,1,0
3898,1,0
3899,1,0
3900,1,1
3901,1,1
3902,1,0
3903,1,0
3904,1,1
3905,1,1
3906,1,0
3907,0,0
3908,1,0
3909,1,1
3910,1,1
3911,1,0
3912,1,0
3913,1,0
3914,1,0
3915,0,1
3916,1,1
3917,1,0
3918,1,1
3919,1,1
3920,1,0
3921,1,0
3922,1,1
3923,1,0
3924,1,1
3925,1,0
3926,1,0
3927,1,1
3928,1,1
3929,0,1
3930,0,0
3931,1,0
3932,1,0
3933,1,1
3934,1,0
3935,1,1
3936,1,1
3937,1,1
3938,1,1
3939,1,1
3940,1,1
3941,1,0
3942,1,0
3943,1,1
3944,1,1
3945,1,0
3946,1,1
3947,0,0
3948,1,0
3949,1,1
3950,1,1
3951,1,0
3952,1,1
3953,1,0
3954,1,0
3955,1,0
3956,1,1
3957,1,0
3958,1,1
3959,1,1
3960,1,1
3961,1,0
3962,1,0
3963,1,0
3964,1,0
3965,1,0
3966,1,0
3967,1,1
3968,1,1
3969,1,0
3970,1,0
3971,1,0
3972,1,0
3973,1,1
3974,1,1
3975,1,0
3976,0,0
3977,1,1
3978,1,0
3979,1,1
3980,1,1
3981,1,1
3982,1,0
3983,1,1
3984,1,1
3985,0,0
3986,1,1
3987,1,0
3988,0,0
3989,1,1
3990,1,1
3991,1,1
3992,1,1
3993,1,1
3994,1,1
3995,1,0
3996,1,1
3997,1,0
3998,1,0
3999,1,0
4000,1,0
4001,1,0
4002,1,0
4003,1,1
4004,0,1
4005,1,0
4006,1,0
4007,1,0
4008,1,1
4009,1,0
4010,1,0
4011,0,0
4012,1,1
4013,1,0
4014,1,1
4015,1,0
4016,1,1
4017,1,0
4018,1,0
4019,1,0
4020,1,1
4021,1,0
4022,1,1
4023,1,0
4024,0,0
4025,1,1
4026,1,1
4027,1,1
4028,1,0
4029,1,1
4030,1,0
4031,1,1
4032,1,0
4033,1,1
4034,0,0
4035,1,0
4036,1,1
4037,1,0
4038,1,0
4039,1,0
4040,1,1
4041,1,1
4042,1,0
4043,1,0
4044,1,1
4045,1,0
4046,1,1
4047,1,0
4048,1,0
4049,1,1
4050,1,1
4051,1,0
4052,1,1
4053,1,0
4054,1,1
4055,1,0
4056,1,1
4057,0,0
4058,1,1
4059,1,0
4060,1,0
4061,1,1
4062,1,1
4063,1,1
4064,1,1
4065,1,1
4066,1,1
4067,1,1
4068,1,0
4069,1,1
4070,1,0
4071,1,0
4072,0,0
4073,1,0
4074,1,1
4075,1,1
4076,1,0
4077,1,0
4078,0,0
4079,1,1
4080,1,0
4081,1,1
4082,1,0
4083,1,0
4084,1,1
4085,1,1
4086,1,0
4087,0,0
4088,1,1
4089,1,0
4090,1,1
4091,1,1
4092,1,0
4093,1,0
4094,1,1
4095,0,1
4096,1,1
4097,1,0
4098,1,1
4099,1,1
4100,1,1
4101,1,0
4102,1,0
4103,1,0
4104,0,0
4105,1,1
4106,1,1
4107,1,1
4108,0,0
4109,0,0
4110,1,1
4111,1,1
4112,1,0
4113,1,1
4114,1,1
4115,1,1
4116,1,0
4117,1,1
4118,1,1
4119,1,0
4120,1,1
4121,1,0
4122,1,1
4123,1,0
4124,1,1
4125,0,0
4126,1,0
4127,1,1
4128,1,1
4129,0,1
4130,1,0
4131,0,1
4132,1,1
4133,1,0
4134,1,0
4135,1,1
4136,1,1
4137,1,1
4138,1,0
4139,1,0
4140,1,1
4141,0,0
4142,1,1
4143,1,0
4144,1,1
4145,1,0
4146,1,1
4147,1,1
4148,1,1
4149,1,1
4150,1,0
4151,1,1
4152,1,0
4153,1,1
4154,1,0
4155,1,0
4156,1,1
4157,1,1
4158,1,0
4159,1,1
4160,1,0
4161,1,1
4162,1,1
4163,1,1
4164,1,1
4165,1,0
4166,1,1
4167,1,1
4168,1,0
4169,1,0
4170,1,0
4171,1,1
4172,1,0
4173,1,1
4174,1,0
4175,1,1
4176,1,0
4177,1,0
4178,1,0
4179,1,0
4180,1,0
4181,1,0
4182,1,1
4183,1,0
4184,1,1
4185,1,1
4186,1,0
4187,1,0
4188,1,1
4189,1,0
4190,1,1
4191,0,0
4192,1,1
4193,1,0
4194,1,0
4195,1,1
4196,1,0
4197,1,0
4198,1,1
4199,1,1
4200,1,0
4201,1,1
4202,1,0
4203,1,0
4204,1,0
4205,1,1
4206,1,1
4207,0,0
4208,1,0
4209,1,0
4210,1,1
4211,1,0
4212,1,0
4213,1,1
4214,1,1
4215,1,0
4216,1,1
4217,1,1
4218,1,1
4219,0,0
4220,1,0
4221,0,0
4222,1,1
4223,1,1
4224,1,1
4225,1,1
4226,1,0
4227,1,1
4228,1,0
4229,1,0
4230,1,0
4231,1,1
4232,1,0
4233,1,0
4234,0,0
4235,1,1
4236,1,0
4237,1,0
4238,1,0
4239,1,0
4240,1,1
4241,1,1
4242,1,1
4243,1,1
4244,1,1
4245,1,0
4246,1,0
4247,1,0
4248,1,1
4249,1,1
4250,1,0
4251,1,0
4252,1,0
4253,1,0
4254,1,1
4255,1,0
4256,1,0
4257,1,0
4258,1,0
4259,1,1
4260,1,0
4261,1,0
4262,1,0
4263,1,0
4264,1,1
4265,1,1
4266,1,1
4267,1,1
4268,1,0
4269,1,0
4270,0,1
4271,1,0
4272,1,1
4273,1,1
4274,1,1
4275,1,1
4276,1,0
4277,1,1
4278,1,0
4279,1,1
4280,1,1
4281,1,0
4282,0,1
4283,1,0
4284,0,1
4285,1,1
4286,1,0
4287,1,0
4288,1,0
4289,1,0
4290,0,0
4291,1,1
4292,1,1
4293,1,1
4294,0,0
4295,0,0
4296,1,1
4297,1,1
4298,1,1
4299,1,0
4300,1,1
4301,1,1
4302,1,1
4303,1,1
4304,1,1
4305,1,1
4306,1,0
4307,0,1
4308,1,0
4309,1,1
4310,1,0
4311,1,0
4312,1,0
4313,1,1
4314,0,1
4315,1,1
4316,1,1
4317,1,1
4318,1,0
4319,1,1
4320,1,0
4321,1,0
4322,1,1
4323,1,0
4324,1,1
4325,1,1
4326,1,1
4327,1,0
4328,1,0
4329,1,1
4330,1,1
4331,1,1
4332,1,0
4333,1,1
4334,1,0
4335,1,1
4336,0,0
4337,1,0
4338,0,0
4339,1,1
4340,1,1
4341,1,0
4342,1,0
4343,1,1
4344,1,1
4345,1,1
4346,1,0
4347,1,1
4348,1,0
4349,1,0
4350,1,1
4351,1,0
4352,0,0
4353,0,0
4354,1,1
4355,1,0
4356,1,1
4357,1,0
4358,1,1
4359,0,0
4360,1,0
4361,0,0
4362,1,1
4363,1,0
4364,1,1
4365,1,0
4366,1,0
4367,0,0
4368,0,0
4369,0,1
4370,1,1
4371,1,0
4372,1,0
4373,1,1
4374,1,0
4375,1,0
4376,1,0
4377,1,0
4378,1,1
4379,1,0
4380,1,1
4381,1,0
4382,1,0
4383,1,1
4384,1,0
4385,1,1
4386,0,0
4387,1,1
4388,1,0
4389,1,0
4390,1,1
4391,1,1
4392,1,1
4393,1,0
4394,1,1
4395,1,1
4396,0,1
4397,1,1
4398,1,0
4399,1,1
4400,1,0
4401,0,0
4402,1,1
4403,1,1
4404,1,1
4405,1,1
4406,1,1
4407,1,0
4408,0,0
4409,0,0
4410,1,0
4411,1,0
4412,1,1
4413,0,1
4414,1,1
4415,1,1
4416,1,0
4417,1,1
4418,1,0
4419,1,0
4420,1,0
4421,1,1
4422,1,1
4423,1,1
4424,1,1
4425,1,0
4426,1,1
4427,1,0
4428,1,0
4429,1,1
4430,1,1
4431,1,1
4432,1,1
4433,1,0
4434,1,1
4435,1,1
4436,1,0
4437,1,0
4438,1,1
4439,1,0
4440,1,1
4441,1,1
4442,1,1
4443,1,1
4444,1,1
4445,1,1
4446,1,1
4447,1,1
4448,1,1
4449,1,1
4450,1,1
4451,1,0
4452,1,1
4453,1,0
4454,1,0
4455,1,0
4456,1,0
4457,1,1
4458,1,1
4459,1,1
4460,1,1
4461,0,0
4462,1,0
4463,1,0
4464,1,1
4465,0,0
4466,1,0
4467,1,0
4468,1,1
4469,1,0
4470,1,1
4471,1,1
4472,1,1
4473,1,1
4474,1,1
4475,0,0
4476,1,0
4477,1,0
4478,1,0
4479,1,1
4480,1,0
4481,0,0
4482,1,1
4483,1,1
4484,1,1
4485,1,1
4486,1,1
4487,1,0
4488,1,0
4489,1,0
4490,1,1
4491,1,0
4492,1,0
4493,1,1
4494,1,0
4495,1,0
4496,1,0
4497,1,0
4498,0,1
4499,1,0
4500,1,0
4501,1,1
4502,1,1
4503,0,1
4504,1,1
4505,1,1
4506,1,1
4507,1,0
4508,1,1
4509,1,1
4510,1,0
4511,1,1
4512,1,0
4513,1,0
4514,1,0
4515,1,0
4516,0,0
4517,0,1
4518,0,1
4519,1,0
4520,1,1
4521,1,0
4522,1,1
4523,1,1
4524,1,1
4525,1,1
4526,1,0
4527,1,0
4528,1,0
4529,1,1
4530,1,1
4531,0,0
4532,1,0
4533,1,1
4534,1,0
4535,1,0
4536,1,0
4537,1,0
4538,1,0
4539,1,0
4540,1,0
4541,0,0
4542,1,0
4543,1,1
4544,1,0
4545,1,0
4546,1,1
4547,1,1
4548,1,0
4549,1,1
4550,0,1
4551,1,1
4552,1,1
4553,0,1
4554,0,0
4555,1,0
4556,1,0
4557,1,0
4558,1,1
4559,1,0
4560,1,0
4561,1,0
4562,1,0
4563,1,1
4564,1,1
4565,0,1
4566,1,0
4567,1,1
4568,1,0
4569,1,1
4570,1,1
4571,1,0
4572,1,0
4573,1,1
4574,1,1
4575,1,1
4576,1,0
4577,1,0
4578,0,0
4579,1,1
4580,1,1
4581,0,0
4582,1,0
4583,1,1
4584,1,0
4585,1,1
4586,1,1
4587,0,1
4588,1,1
4589,0,1
4590,1,1
4591,1,1
4592,1,1
4593,1,0
4594,1,0
4595,1,0
4596,1,1
4597,1,0
4598,1,1
4599,1,0
4600,1,0
4601,0,0
4602,1,0
4603,1,0
4604,1,0
4605,1,0
4606,1,1
4607,1,1
4608,1,1
4609,1,0
4610,1,0
4611,1,1
4612,1,1
4613,0,0
4614,1,0
4615,1,1
4616,1,0
4617,1,0
4618,1,1
4619,1,1
4620,1,0
4621,1,0
4622,1,0
4623,1,0
4624,1,1
4625,1,1
4626,1,0
4627,1,1
4628,0,0
4629,1,0
4630,1,0
4631,0,0
4632,1,1
4633,1,1
4634,1,0
4635,1,1
4636,1,1
4637,1,0
4638,1,1
4639,1,0
4640,0,0
4641,1,0
4642,1,1
4643,1,0
4644,1,1
4645,1,0
4646,1,0
4647,1,1
4648,1,1
4649,1,0
4650,1,1
4651,1,1
4652,1,0
4653,1,0
4654,1,0
4655,1,1
4656,0,1
4657,1,1
4658,0,0
4659,1,0
4660,1,1
4661,1,1
4662,1,1
4663,1,1
4664,1,0
4665,1,0
4666,1,1
4667,1,0
4668,1,0
4669,1,0
4670,1,1
4671,1,1
4672,1,1
4673,1,0
4674,1,0
4675,1,1
4676,1,0
4677,1,0
4678,1,0
4679,0,0
4680,0,0
4681,1,1
4682,0,0
4683,1,1
4684,1,0
4685,1,1
4686,1,0
4687,0,0
4688,0,0
4689,1,1
4690,1,1
4691,1,0
4692,1,0
4693,1,0
4694,1,1
4695,1,1
4696,1,1
4697,1,0
4698,1,1
4699,1,1
4700,1,1
4701,1,0
4702,1,0
4703,1,0
4704,1,1
4705,1,0
4706,1,0
4707,1,1
4708,0,1
4709,1,0
4710,1,1
4711,0,0
4712,1,1
4713,1,1
4714,1,1
4715,1,1
4716,1,1
4717,1,1
4718,1,0
4719,1,1
4720,1,0
4721,1,1
4722,1,1
4723,1,0
4724,1,0
4725,1,0
4726,1,1
4727,1,1
4728,1,1
4729,1,1
4730,1,1
4731,1,0
4732,1,0
4733,1,1
4734,0,0
4735,1,0
4736,1,1
4737,1,1
4738,1,1
4739,1,1
4740,1,1
4741,1,0
4742,1,1
4743,1,0
4744,0,0
4745,1,1
4746,1,0
4747,0,0
4748,0,1
4749,1,1
4750,1,1
4751,1,0
4752,1,0
4753,1,0
4754,1,1
4755,1,0
4756,1,1
4757,1,0
4758,1,0
4759,1,0
4760,1,0
4761,1,0
4762,1,0
4763,1,0
4764,1,1
4765,0,0
4766,1,1
4767,1,1
4768,1,0
4769,1,1
4770,0,1
4771,1,1
4772,1,1
4773,1,1
4774,1,0
4775,0,0
4776,1,1
4777,1,1
4778,1,0
4779,1,0
4780,1,1
4781,1,1
4782,1,0
4783,1,1
4784,1,1
4785,1,1
4786,1,0
4787,1,0
4788,1,1
4789,1,0
4790,1,1
4791,0,1
4792,0,0
4793,1,0
4794,1,1
4795,1,1
4796,0,1
4797,1,1
4798,1,0
4799,1,1
4800,0,1
4801,1,1
4802,1,0
4803,1,0
4804,1,1
4805,1,0
4806,1,0
4807,0,0
4808,1,1
4809,1,0
4810,1,1
4811,1,0
4812,1,0
4813,1,1
4814,1,1
4815,1,0
4816,1,0
4817,1,1
4818,1,1
4819,1,0
4820,1,1
4821,1,1
4822,1,0
4823,1,1
4824,1,1
4825,1,0
4826,1,0
4827,1,0
4828,1,0
4829,0,0
4830,1,1
4831,1,1
4832,1,0
4833,1,0
4834,1,1
4835,1,0
4836,0,0
4837,0,1
4838,1,0
4839,1,0
4840,1,0
4841,0,1
4842,1,0
4843,1,0
4844,1,0
4845,1,1
4846,1,0
4847,1,1
4848,1,0
4849,0,0
4850,1,0
4851,1,1
4852,1,0
4853,1,0
4854,1,0
4855,1,0
4856,0,0
4857,1,0
4858,0,0
4859,1,1
4860,1,0
4861,1,0
4862,1,0
4863,1,1
4864,0,0
4865,1,0
4866,1,0
4867,1,0
4868,1,0
4869,1,0
4870,1,1
4871,1,1
4872,1,1
4873,1,1
4874,1,1
4875,1,0
4876,1,1
4877,1,0
4878,0,0
4879,1,0
4880,1,0
4881,1,1
4882,1,1
4883,1,1
4884,1,0
4885,1,0
4886,0,0
4887,1,0
4888,1,0
4889,1,1
4890,1,0
4891,1,1
4892,1,0
4893,1,0
4894,1,0
4895,1,1
4896,1,1
4897,1,1
4898,1,0
4899,1,1
4900,0,1
4901,0,1
4902,1,1
4903,1,1
4904,1,0
4905,1,0
4906,1,0
4907,1,0
4908,1,1
4909,1,1
4910,1,0
4911,1,0
4912,1,1
4913,0,0
4914,1,0
4915,0,0
4916,1,1
4917,1,1
4918,1,0
4919,1,0
4920,1,1
4921,0,1
4922,1,1
4923,0,1
4924,1,1
4925,1,1
4926,0,0
4927,1,0
4928,1,0
4929,0,0
4930,1,1
4931,1,1
4932,1,1
4933,1,0
4934,1,1
4935,0,0
4936,1,1
4937,1,0
4938,1,1
4939,1,1
4940,1,0
4941,1,0
4942,1,1
4943,1,0
4944,0,1
4945,1,0
4946,1,1
4947,1,1
4948,1,0
4949,1,1
4950,1,1
4951,1,0
4952,1,0
4953,1,0
4954,1,0
4955,1,1
4956,1,0
4957,0,1
4958,0,0
4959,1,0
4960,1,1
4961,1,0
4962,1,1
4963,0,0
4964,1,0
4965,1,0
4966,1,0
4967,1,1
4968,1,1
4969,0,0
4970,1,0
4971,1,1
4972,1,0
4973,1,1
4974,1,0
4975,1,1
4976,1,0
4977,1,0
4978,0,0
4979,1,1
4980,0,1
4981,1,1
4982,1,0
4983,1,1
4984,1,0
4985,1,1
4986,0,0
4987,1,0
4988,1,1
4989,1,1
4990,1,1
4991,1,0
4992,0,0
4993,1,0
4994,1,1
4995,1,0
4996,1,1
4997,1,1
4998,1,1
4999,1,0
5000,0,1
5001,1,1
5002,0,0
5003,1,0
5004,1,0
5005,1,1
5006,1,0
5007,0,0
5008,1,1
5009,1,0
5010,1,1
5011,1,0
5012,0,0
5013,1,1
5014,1,1
5015,1,1
5016,1,1
5017,1,1
5018,1,1
5019,1,1
5020,0,1
5021,1,0
5022,1,1
5023,1,1
5024,1,1
5025,0,0
5026,0,0
5027,1,0
5028,1,1
5029,1,1
5030,1,1
5031,0,0
5032,1,1
5033,1,0
5034,1,1
5035,1,0
5036,1,1
5037,1,0
5038,1,1
5039,1,1
5040,1,1
5041,1,1
5042,0,0
5043,1,0
5044,1,0
5045,1,1
5046,1,0
5047,1,1
5048,0,0
5049,1,0
5050,1,0
5051,1,1
5052,1,1
5053,1,0
5054,1,1
5055,0,0
5056,1,1
5057,1,0
5058,1,0
5059,1,1
5060,1,1
5061,1,0
5062,1,1
5063,1,0
5064,1,0
5065,1,1
5066,0,0
5067,1,0
5068,1,0
5069,1,0
5070,1,0
5071,1,1
5072,1,0
5073,1,1
5074,1,1
5075,1,0
5076,1,1
5077,0,0
5078,0,0
5079,1,1
5080,0,1
5081,1,0
5082,1,1
5083,0,0
5084,1,1
5085,1,1
5086,1,1
5087,1,1
5088,1,1
5089,1,1
5090,1,0
5091,1,1
5092,1,1
5093,0,0
5094,1,1
5095,1,1
5096,1,1
5097,0,0
5098,0,0
5099,1,1
5100,1,1
5101,1,1
5102,1,1
5103,1,1
5104,1,1
5105,1,0
5106,1,1
5107,1,1
5108,1,1
5109,1,1
5110,1,0
5111,1,0
5112,1,1
5113,1,1
5114,1,1
5115,1,0
5116,1,0
5117,1,0
5118,1,0
5119,1,1
5120,1,0
5121,1,1
5122,1,1
5123,1,1
5124,1,1
5125,1,1
5126,1,1
5127,1,1
5128,1,1
5129,0,1
5130,0,1
5131,1,0
5132,1,1
5133,0,0
5134,1,1
5135,1,0
5136,1,0
5137,1,1
5138,1,0
5139,1,0
5140,1,1
5141,1,1
5142,1,0
5143,1,1
5144,1,1
5145,0,0
5146,1,1
5147,1,1
5148,1,0
5149,1,0
5150,1,1
5151,1,0
5152,0,0
5153,1,0
5154,1,0
5155,1,1
5156,1,0
5157,1,1
5158,1,1
5159,0,1
5160,1,1
5161,1,1
5162,1,1
5163,0,1
5164,1,1
5165,1,0
5166,1,1
5167,1,1
5168,1,1
5169,1,0
5170,1,0
5171,1,1
5172,1,0
5173,1,0
5174,1,1
5175,1,0
5176,1,1
5177,0,0
5178,1,1
5179,1,1
5180,1,0
5181,0,1
5182,1,1
5183,1,0
5184,1,1
5185,0,0
5186,0,0
5187,1,1
5188,1,1
5189,1,1
5190,1,1
5191,0,0
5192,1,1
5193,1,0
5194,1,1
5195,1,1
5196,1,0
5197,1,1
5198,1,0
5199,1,1
5200,1,1
5201,1,1
5202,1,1
5203,1,1
5204,1,0
5205,1,0
5206,1,0
5207,1,1
5208,1,0
5209,1,1
5210,0,0
5211,0,0
5212,1,1
5213,1,1
5214,1,1
5215,1,1
5216,1,1
5217,1,0
5218,1,0
5219,1,0
5220,1,1
5221,0,0
5222,1,0
5223,0,1
5224,1,1
5225,1,1
5226,1,0
5227,1,0
5228,1,1
5229,1,0
5230,1,1
5231,1,0
5232,1,1
5233,1,1
5234,1,1
5235,0,0
5236,1,1
5237,1,0
5238,1,0
5239,1,0
5240,1,0
5241,1,0
5242,1,0
5243,1,0
5244,1,1
5245,1,1
5246,1,1
5247,1,0
5248,1,1
5249,1,1
5250,1,1
5251,1,0
5252,1,0
5253,0,0
5254,1,1
5255,1,1
5256,1,0
5257,1,0
5258,1,1
5259,1,0
5260,1,1
5261,1,0
5262,0,0
5263,1,0
5264,1,1
5265,1,1
5266,1,1
5267,1,0
5268,1,1
5269,1,0
5270,1,0
5271,0,1
5272,1,1
5273,0,0
5274,0,0
5275,1,1
5276,1,1
5277,1,1
5278,1,1
5279,1,0
5280,1,0
5281,0,1
5282,1,0
5283,1,1
5284,1,1
5285,1,1
5286,0,0
5287,1,1
5288,1,0
5289,1,1
5290,1,1
5291,1,0
5292,1,0
5293,1,0
5294,1,0
5295,1,1
5296,1,1
5297,0,0
5298,1,1
5299,1,1
5300,1,1
5301,0,1
5302,1,0
5303,1,0
5304,1,1
5305,1,0
5306,0,0
5307,1,0
5308,1,1
5309,1,1
5310,1,1
5311,1,1
5312,1,1
5313,1,1
5314,1,1
5315,1,1
5316,1,0
5317,1,0
5318,1,0
5319,1,0
5320,1,1
5321,1,0
5322,1,1
5323,1,1
5324,1,0
5325,1,1
5326,1,0
5327,1,1
5328,1,0
5329,1,0
5330,1,0
5331,1,0
5332,1,0
5333,1,1
5334,1,0
5335,1,0
5336,1,0
5337,1,0
5338,0,0
5339,1,1
5340,1,0
5341,1,0
5342,1,0
5343,1,0
5344,1,0
5345,1,0
5346,1,1
5347,0,1
5348,1,1
5349,1,1
5350,1,1
5351,1,0
5352,1,0
5353,1,0
5354,1,1
5355,1,0
5356,0,0
5357,1,1
5358,1,1
5359,1,0
5360,0,0
5361,1,1
5362,1,1
5363,1,0
5364,1,1
5365,1,1
5366,1,0
5367,1,0
5368,1,1
5369,1,0
5370,1,0
5371,1,0
5372,1,0
5373,1,1
5374,1,1
5375,1,0
5376,1,1
5377,1,0
5378,1,1
5379,1,0
5380,1,0
5381,1,0
5382,1,0
5383,1,1
5384,1,0
5385,1,0
5386,1,0
5387,1,0
5388,1,1
5389,1,1
5390,1,0
5391,1,1
5392,1,1
5393,1,1
5394,0,0
5395,1,0
5396,1,1
5397,1,1
5398,1,0
5399,1,0
5400,1,0
5401,1,0
5402,1,0
5403,1,0
5404,0,0
5405,1,0
5406,1,0
5407,1,0
5408,1,1
5409,1,1
5410,1,0
5411,1,0
5412,1,0
5413,0,0
5414,1,0
5415,1,1
5416,1,1
5417,1,1
5418,1,1
5419,1,1
5420,0,1
5421,1,1
5422,1,0
5423,1,1
5424,1,1
5425,1,0
5426,1,0
5427,1,0
5428,1,0
5429,1,1
5430,1,1
5431,1,0
5432,1,1
5433,1,1
5434,1,0
5435,1,0
5436,1,1
5437,1,0
5438,0,0
5439,1,1
5440,1,1
5441,1,1
5442,1,0
5443,0,0
5444,1,1
5445,0,0
5446,1,1
5447,1,1
5448,1,1
5449,1,1
5450,1,1
5451,0,0
5452,0,0
5453,1,0
5454,1,1
5455,1,1
5456,1,1
5457,1,0
5458,1,1
5459,1,0
5460,1,1
5461,1,1
5462,1,1
5463,1,1
5464,1,1
5465,1,0
5466,1,1
5467,1,0
5468,1,1
5469,1,1
5470,1,1
5471,1,1
5472,1,1
5473,1,0
5474,1,0
5475,1,0
5476,1,0
5477,1,0
5478,1,1
5479,0,0
5480,1,1
5481,0,1
5482,1,0
5483,1,0
5484,1,1
5485,1,1
5486,1,0
5487,1,1
5488,1,0
5489,1,1
5490,1,0
5491,1,0
5492,1,0
5493,1,0
5494,1,1
5495,1,1
5496,0,0
5497,1,0
5498,1,1
5499,1,0
5500,1,1
5501,1,0
5502,1,0
5503,1,1
5504,1,0
5505,1,0
5506,1,1
5507,0,1
5508,1,1
5509,1,1
5510,1,0
5511,1,0
5512,1,1
5513,1,0
5514,0,0
5515,1,0
5516,1,1
5517,1,1
5518,1,0
5519,1,0
5520,1,0
5521,1,1
5522,1,1
5523,1,0
5524,1,0
5525,1,1
5526,1,1
5527,1,1
5528,1,1
5529,1,0
5530,1,0
5531,1,1
5532,1,0
5533,1,0
5534,1,1
5535,1,1
5536,1,0
5537,1,1
5538,0,0
5539,1,1
5540,1,1
5541,1,1
5542,1,0
5543,1,0
5544,1,0
5545,1,0
5546,1,1
5547,1,0
5548,0,0
5549,1,1
5550,1,1
5551,1,1
5552,1,0
5553,1,0
5554,1,1
5555,0,0
5556,1,1
5557,1,1
5558,0,0
5559,1,1
5560,1,0
5561,0,0
5562,1,1
5563,1,0
5564,1,0
5565,1,1
5566,1,1
5567,1,0
5568,1,1
5569,0,0
5570,1,0
5571,1,1
5572,1,0
5573,1,0
5574,1,0
5575,0,0
5576,0,0
5577,1,0
5578,1,1
5579,1,1
5580,1,0
5581,1,0
5582,1,1
5583,1,1
5584,1,0
5585,1,1
5586,1,1
5587,1,0
5588,1,1
5589,1,0
5590,1,0
5591,1,0
5592,1,1
5593,1,1
5594,1,1
5595,1,1
5596,1,1
5597,1,1
5598,1,0
5599,0,0
5600,1,0
5601,1,1
5602,0,0
5603,1,1
5604,1,0
5605,1,0
5606,1,0
5607,1,1
5608,1,1
5609,1,0
5610,1,0
5611,1,1
5612,1,1
5613,1,0
5614,1,1
5615,1,0
5616,1,0
5617,1,1
5618,1,1
5619,1,0
5620,1,1
5621,1,1
5622,1,0
5623,1,0
5624,1,0
5625,1,1
5626,0,0
5627,1,0
5628,1,0
5629,1,0
5630,1,0
5631,1,0
5632,1,1
5633,1,1
5634,0,0
5635,0,1
5636,1,1
5637,1,0
5638,1,1
5639,1,1
5640,1,0
5641,1,1
5642,1,0
5643,1,1
5644,1,0
5645,1,0
5646,1,1
5647,1,0
5648,1,1
5649,1,1
5650,1,0
5651,1,1
5652,1,1
5653,1,0
5654,1,0
5655,1,0
5656,1,0
5657,1,0
5658,1,0
5659,1,0
5660,1,0
5661,1,0
5662,1,0
5663,1,0
5664,1,1
5665,1,0
5666,1,0
5667,1,1
5668,1,0
5669,1,0
5670,1,0
5671,1,0
5672,1,0
5673,1,0
5674,1,0
5675,1,0
5676,1,1
5677,1,1
5678,1,0
5679,1,1
5680,1,1
5681,1,1
5682,0,1
5683,0,0
5684,1,0
5685,1,0
5686,1,0
5687,0,0
5688,1,0
5689,1,0
5690,1,0
5691,1,1
5692,0,1
5693,1,0
5694,1,1
5695,1,1
5696,1,0
5697,1,0
5698,1,1
5699,1,0
5700,1,0
5701,1,1
5702,1,1
5703,1,1
5704,1,1
5705,1,1
5706,1,1
5707,0,1
5708,1,0
5709,1,1
5710,1,0
5711,1,1
5712,1,1
5713,1,1
5714,1,1
5715,1,0
5716,1,0
5717,1,1
5718,1,1
5719,1,0
5720,1,0
5721,1,0
5722,1,0
5723,1,1
5724,0,0
5725,1,1
5726,0,0
5727,1,0
5728,1,1
5729,1,0
5730,1,0
5731,1,0
5732,1,0
5733,1,0
5734,0,1
5735,1,0
5736,1,0
5737,1,0
5738,1,1
5739,0,0
5740,0,1
5741,1,0
5742,1,0
5743,1,0
5744,1,0
5745,1,1
5746,1,1
5747,1,0
5748,0,0
5749,1,0
5750,1,0
5751,1,1
5752,1,0
5753,1,1
5754,0,0
5755,1,1
5756,1,1
5757,1,1
5758,1,1
5759,1,0
5760,1,0
5761,0,0
5762,1,1
5763,1,0
5764,1,1
5765,1,0
5766,1,0
5767,1,0
5768,1,0
5769,1,1
5770,1,0
5771,1,0
5772,1,1
5773,1,1
5774,1,0
5775,1,0
5776,1,1
5777,1,0
5778,1,0
5779,1,1
5780,1,1
5781,0,1
5782,0,0
5783,1,0
5784,1,1
5785,1,1
5786,1,1
5787,1,1
5788,1,0
5789,1,0
5790,1,0
5791,1,0
5792,1,0
5793,0,0
5794,1,0
5795,1,0
5796,1,0
5797,0,0
5798,1,0
5799,1,0
5800,0,0
5801,1,0
5802,0,1
5803,0,1
5804,1,1
5805,1,0
5806,1,1
5807,1,1
5808,1,0
5809,1,1
5810,1,1
5811,1,0
5812,1,1
5813,1,1
5814,1,1
5815,1,0
5816,0,1
5817,1,0
5818,1,0
5819,1,0
5820,1,0
5821,1,1
5822,1,1
5823,1,0
5824,1,0
5825,1,1
5826,1,0
5827,0,0
5828,1,0
5829,0,0
5830,1,1
5831,1,0
5832,0,0
5833,1,0
5834,1,1
5835,1,0
5836,1,1
5837,1,0
5838,0,0
5839,1,0
5840,1,1
5841,1,1
5842,1,1
5843,1,0
5844,1,1
5845,1,0
5846,1,1
5847,1,0
5848,1,1
5849,1,1
5850,1,0
5851,1,0
5852,1,1
5853,1,1
5854,1,0
5855,1,0
5856,0,0
5857,1,0
5858,1,1
5859,1,1
5860,1,1
5861,1,1
5862,1,1
5863,1,0
5864,1,1
5865,1,1
5866,1,0
5867,1,0
5868,1,1
5869,1,1
5870,1,1
5871,1,1
5872,1,1
5873,1,0
5874,1,0
5875,1,0
5876,1,1
5877,1,0
5878,1,0
5879,1,0
5880,1,0
5881,1,0
5882,1,1
5883,1,0
5884,1,1
5885,0,1
5886,1,1
5887,1,0
5888,1,0
5889,0,0
5890,1,0
5891,1,1
5892,1,0
5893,1,1
5894,1,1
5895,0,1
5896,1,0
5897,1,0
5898,1,0
5899,1,1
5900,1,0
5901,1,0
5902,1,0
5903,1,1
5904,1,1
5905,1,0
5906,1,0
5907,1,0
5908,1,0
5909,1,0
5910,1,1
5911,1,0
5912,1,1
5913,1,0
5914,1,1
5915,1,1
5916,1,1
5917,1,0
5918,1,0
5919,1,0
5920,1,0
5921,1,1
5922,1,1
5923,1,1
5924,1,1
5925,0,0
5926,1,0
5927,1,0
5928,0,0
5929,1,1
5930,1,0
5931,1,0
5932,1,1
5933,1,1
5934,1,0
5935,1,0
5936,1,0
5937,1,1
5938,1,0
5939,0,0
5940,1,0
5941,1,0
5942,1,0
5943,1,0
5944,1,1
5945,1,1
5946,1,1
5947,1,1
5948,1,0
5949,1,0
5950,1,0
5951,1,1
5952,1,1
5953,1,1
5954,1,0
5955,1,0
5956,1,1
5957,1,1
5958,1,0
5959,1,1
5960,1,0
5961,1,0
5962,1,0
5963,1,1
5964,1,1
5965,1,1
5966,1,1
5967,1,0
5968,1,1
5969,1,1
5970,1,1
5971,1,0
5972,1,1
5973,1,0
5974,1,1
5975,1,0
5976,1,0
5977,1,0
5978,1,1
5979,1,0
5980,1,0
5981,1,0
5982,1,1
5983,1,0
5984,1,0
5985,0,0
5986,1,0
5987,1,1
5988,1,1
5989,1,1
5990,1,1
5991,0,0
5992,1,0
5993,1,0
5994,1,1
5995,1,0
5996,1,1
5997,1,1
5998,1,1
5999,1,1
6000,1,0
6001,1,0
6002,1,0
6003,1,1
6004,1,0
6005,1,1
6006,1,0
6007,1,1
6008,1,1
6009,1,0
6010,1,0
6011,1,1
6012,1,1
6013,1,0
6014,1,0
6015,0,0
6016,0,0
6017,1,1
6018,1,1
6019,1,0
6020,1,1
6021,0,1
6022,1,1
6023,1,0
6024,1,1
6025,1,1
6026,1,0
6027,1,1
6028,1,0
6029,1,1
6030,1,1
6031,1,0
6032,1,0
6033,1,0
6034,1,1
6035,1,1
6036,1,0
6037,1,0
6038,1,1
6039,1,0
6040,1,0
6041,1,0
6042,1,0
6043,1,0
6044,1,1
6045,0,0
6046,1,1
6047,1,1
6048,1,0
6049,1,0
6050,1,1
6051,1,1
6052,1,0
6053,1,1
6054,1,1
6055,0,1
6056,1,0
6057,1,0
6058,1,1
6059,1,0
6060,1,0
6061,1,0
6062,1,0
6063,1,0
6064,1,1
6065,1,1
6066,1,0
6067,1,1
6068,1,1
6069,1,1
6070,1,1
6071,1,1
6072,1,1
6073,0,0
6074,1,0
6075,1,1
6076,1,0
6077,1,1
6078,1,0
6079,1,1
6080,1,0
6081,0,1
6082,0,1
6083,1,0
6084,0,0
6085,1,1
6086,1,0
6087,1,1
6088,1,0
6089,1,0
6090,1,1
6091,1,0
6092,0,0
6093,1,1
6094,0,0
6095,1,0
6096,1,1
6097,1,0
6098,1,0
6099,1,1
6100,1,1
6101,1,1
6102,1,1
6103,1,0
6104,1,0
6105,1,1
6106,0,0
6107,1,0
6108,1,0
6109,0,0
6110,1,0
6111,1,0
6112,1,1
6113,1,1
6114,1,0
6115,1,1
6116,1,0
6117,0,1
6118,1,0
6119,1,1
6120,1,0
6121,1,1
6122,1,1
6123,1,0
6124,1,0
6125,0,0
6126,1,1
6127,1,0
6128,1,1
6129,1,0
6130,1,0
6131,1,0
6132,1,0
6133,1,1
6134,1,1
6135,1,0
6136,1,0
6137,1,1
6138,1,0
6139,1,0
6140,1,0
6141,1,0
6142,1,1
6143,1,0
6144,1,0
6145,1,1
6146,1,0
6147,0,0
6148,1,0
6149,1,1
6150,1,0
6151,1,1
6152,1,1
6153,0,0
6154,1,0
6155,1,0
6156,1,1
6157,1,1
6158,0,0
6159,1,1
6160,1,1
6161,1,1
6162,1,1
6163,1,0
6164,1,0
6165,1,0
6166,0,0
6167,1,1
6168,0,0
6169,1,0
6170,1,1
6171,1,1
6172,1,0
6173,1,1
6174,1,0
6175,1,0
6176,1,1
6177,1,0
6178,0,1
6179,1,0
6180,0,0
6181,0,0
6182,1,0
6183,1,1
6184,1,0
6185,1,1
6186,1,0
6187,1,0
6188,0,0
6189,1,0
6190,1,1
6191,1,1
6192,1,0
6193,1,1
6194,1,0
6195,1,0
6196,1,1
6197,1,0
6198,1,0
6199,1,0
6200,1,1
6201,1,0
6202,1,1
6203,1,1
6204,1,1
6205,1,1
6206,1,0
6207,1,1
6208,1,0
6209,0,0
6210,0,0
6211,1,1
6212,1,0
6213,1,1
6214,1,0
6215,1,0
6216,1,0
6217,1,0
6218,0,0
6219,1,0
6220,1,0
6221,1,1
6222,0,0
6223,1,0
6224,0,0
6225,1,0
6226,1,0
6227,1,0
6228,1,0
6229,1,0
6230,1,1
6231,1,1
6232,1,1
6233,1,1
6234,1,1
6235,1,1
6236,1,1
6237,1,1
6238,1,1
6239,1,0
6240,1,1
6241,1,0
6242,0,1
6243,0,1
6244,1,0
6245,1,0
6246,1,1
6247,1,1
6248,1,1
6249,1,0
6250,1,0
6251,1,1
6252,1,0
6253,1,0
6254,1,1
6255,1,0
6256,0,0
6257,1,1
6258,1,1
6259,0,1
6260,1,0
6261,1,1
6262,1,0
6263,0,0
6264,1,1
6265,1,1
6266,1,1
6267,0,0
6268,1,0
6269,1,0
6270,1,1
6271,1,1
6272,0,1
6273,1,1
6274,1,0
6275,1,1
6276,1,0
6277,1,0
6278,1,1
6279,1,1
6280,1,1
6281,1,1
6282,1,0
6283,1,0
6284,0,0
6285,1,1
6286,1,0
6287,1,0
6288,1,0
6289,1,1
6290,1,0
6291,1,1
6292,1,1
6293,1,1
6294,0,0
6295,1,1
6296,1,1
6297,1,0
6298,1,1
6299,1,1
6300,1,0
6301,1,0
6302,1,1
6303,1,1
6304,1,1
6305,1,0
6306,1,1
6307,1,0
6308,1,1
6309,1,0
6310,1,1
6311,1,1
6312,0,0
6313,1,0
6314,0,0
6315,1,1
6316,1,0
6317,1,1
6318,1,1
6319,1,0
6320,1,1
6321,1,0
6322,1,0
6323,1,1
6324,1,0
6325,1,0
6326,1,0
6327,1,0
6328,1,1
6329,0,0
6330,1,0
6331,1,0
6332,1,1
6333,1,0
6334,1,1
6335,1,1
6336,1,1
6337,1,1
6338,1,1
6339,1,0
6340,1,0
6341,1,1
6342,0,0
6343,0,0
6344,1,0
6345,1,1
6346,1,1
6347,1,1
6348,1,1
6349,1,0
6350,1,1
6351,1,0
6352,1,1
6353,1,1
6354,1,1
6355,1,1
6356,0,0
6357,0,1
6358,1,1
6359,0,0
6360,1,1
6361,1,0
6362,1,0
6363,1,1
6364,1,0
6365,1,1
6366,1,0
6367,1,0
6368,1,0
6369,1,0
6370,1,0
6371,1,1
6372,1,1
6373,1,1
6374,1,0
6375,1,1
6376,1,1
6377,1,1
6378,1,1
6379,1,1
6380,0,1
6381,1,1
6382,1,1
6383,1,0
6384,1,1
6385,1,0
6386,1,1
6387,1,0
6388,1,1
6389,0,0
6390,1,0
6391,0,0
6392,1,1
6393,1,0
6394,1,1
6395,1,0
6396,1,0
6397,1,0
6398,1,1
6399,1,0
6400,1,1
6401,1,0
6402,1,1
6403,0,1
6404,1,0
6405,1,1
6406,1,1
6407,1,1
6408,1,1
6409,1,1
6410,1,1
6411,0,1
6412,1,1
6413,1,1
6414,1,1
6415,1,1
6416,1,1
6417,1,0
6418,1,1
6419,1,1
6420,1,1
6421,1,0
6422,1,1
6423,1,0
6424,1,1
6425,1,1
6426,1,1
6427,1,0
6428,1,1
6429,1,0
6430,1,1
6431,1,0
6432,1,0
6433,1,1
6434,0,1
6435,1,1
6436,1,1
6437,1,1
6438,1,1
6439,1,1
6440,1,1
6441,1,1
6442,1,1
6443,1,0
6444,1,0
6445,1,0
6446,1,1
6447,1,0
6448,1,0
6449,0,0
6450,0,0
6451,1,0
6452,1,0
6453,1,0
6454,0,0
6455,0,0
6456,1,1
6457,1,0
6458,1,0
6459,1,0
6460,1,0
6461,1,1
6462,1,0
6463,1,1
6464,1,1
6465,1,0
6466,1,0
6467,1,0
6468,0,0
6469,1,0
6470,1,0
6471,1,0
6472,1,0
6473,1,0
6474,1,0
6475,1,0
6476,1,1
6477,1,1
6478,1,0
6479,1,1
6480,1,0
6481,1,1
6482,1,1
6483,1,1
6484,0,1
6485,1,0
6486,1,0
6487,1,1
6488,1,0
6489,1,1
6490,1,0
6491,0,0
6492,1,0
6493,1,1
6494,1,1
6495,0,0
6496,1,1
6497,1,0
6498,1,1
6499,1,1
6500,1,1
6501,1,0
6502,1,1
6503,0,1
6504,1,1
6505,1,1
6506,1,1
6507,0,0
6508,1,0
6509,1,1
6510,0,0
6511,1,1
6512,1,1
6513,1,0
6514,1,0
6515,1,1
6516,1,1
6517,1,1
6518,0,0
6519,1,1
6520,1,0
6521,1,1
6522,1,1
6523,1,0
6524,1,0
6525,1,0
6526,1,0
6527,1,1
6528,1,0
6529,1,1
6530,1,1
6531,1,1
6532,1,0
6533,1,1
6534,1,1
6535,1,0
6536,1,1
6537,1,1
6538,1,1
6539,1,0
6540,1,0
6541,1,1
6542,1,0
6543,1,0
6544,1,1
6545,1,0
6546,1,1
6547,1,0
6548,1,1
6549,1,0
6550,1,1
6551,1,0
6552,1,1
6553,1,1
6554,1,1
6555,1,1
6556,1,1
6557,1,0
6558,1,0
6559,1,0
6560,1,1
6561,1,0
6562,1,1
6563,0,0
6564,1,0
6565,0,1
6566,1,0
6567,1,0
6568,1,1
6569,1,0
6570,1,0
6571,0,0
6572,1,1
6573,1,0
6574,1,0
6575,1,0
6576,1,0
6577,1,1
6578,0,0
6579,1,0
6580,1,0
6581,1,0
6582,1,0
6583,1,1
6584,0,0
6585,1,1
6586,1,0
6587,1,0
6588,1,1
6589,1,0
6590,1,1
6591,1,0
6592,1,1
6593,1,0
6594,1,1
6595,1,0
6596,0,0
6597,1,0
6598,1,1
6599,1,1
6600,1,0
6601,1,0
6602,0,1
6603,1,1
6604,1,0
6605,1,0
6606,1,0
6607,1,0
6608,1,1
6609,1,1
6610,1,1
6611,1,0
6612,1,1
6613,1,0
6614,1,1
6615,1,0
6616,0,1
6617,1,0
6618,0,0
6619,0,1
6620,1,0
6621,1,1
6622,1,0
6623,1,0
6624,1,1
6625,1,1
6626,0,1
6627,1,1
6628,1,1
6629,1,0
6630,1,0
6631,1,0
6632,1,1
6633,1,1
6634,1,1
6635,1,1
6636,1,0
6637,1,0
6638,0,0
6639,1,1
6640,1,1
6641,0,0
6642,1,1
6643,1,1
6644,1,1
6645,1,1
6646,1,1
6647,1,1
6648,0,0
6649,1,1
6650,1,1
6651,1,1
6652,1,0
6653,1,1
6654,1,1
6655,1,1
6656,1,1
6657,1,0
6658,0,0
6659,0,1
6660,1,1
6661,1,0
6662,1,1
6663,1,0
6664,1,0
6665,1,0
6666,1,1
6667,0,1
6668,1,0
6669,1,1
6670,0,0
6671,0,1
6672,1,1
6673,1,1
6674,1,1
6675,1,1
6676,1,0
6677,1,1
6678,1,0
6679,0,0
6680,1,0
6681,1,1
6682,1,1
6683,1,1
6684,0,0
6685,1,1
6686,1,1
6687,1,0
6688,1,1
6689,1,1
6690,1,0
6691,1,1
6692,1,1
6693,1,1
6694,1,0
6695,1,1
6696,1,1
6697,1,0
6698,1,0
6699,1,0
6700,1,1
6701,1,1
6702,1,0
6703,0,0
6704,1,0
6705,0,0
6706,0,0
6707,1,0
6708,1,1
6709,1,0
6710,1,0
6711,1,1
6712,1,0
6713,1,1
6714,1,0
6715,1,0
6716,1,1
6717,1,0
6718,1,0
6719,0,0
6720,1,1
6721,1,0
6722,1,0
6723,1,1
6724,0,0
6725,1,0
6726,1,1
6727,1,1
6728,1,0
6729,1,0
6730,0,0
6731,1,0
6732,1,1
6733,0,0
6734,1,0
6735,1,1
6736,1,1
6737,1,0
6738,1,0
6739,1,1
6740,1,0
6741,0,1
6742,1,1
6743,1,0
6744,1,0
6745,1,0
6746,1,1
6747,1,1
6748,1,1
6749,0,0
6750,1,0
6751,0,0
6752,1,0
6753,1,0
6754,0,0
6755,1,1
6756,1,0
6757,1,1
6758,1,1
6759,1,0
6760,1,0
6761,1,1
6762,1,1
6763,0,0
6764,1,1
6765,1,1
6766,1,1
6767,1,0
6768,1,1
6769,1,1
6770,1,0
6771,1,0
6772,1,0
6773,0,1
6774,1,0
6775,1,1
6776,1,0
6777,1,1
6778,1,0
6779,1,0
6780,1,1
6781,1,1
6782,1,0
6783,1,0
6784,1,1
6785,1,0
6786,0,0
6787,1,1
6788,1,0
6789,1,1
6790,0,0
6791,1,1
6792,1,0
6793,1,1
6794,1,0
6795,1,1
6796,1,1
6797,1,1
6798,1,1
6799,1,1
6800,1,1
6801,1,1
6802,1,1
6803,1,0
6804,1,1
6805,1,0
6806,1,1
6807,1,0
6808,1,1
6809,1,1
6810,1,1
6811,1,0
6812,1,0
6813,0,0
6814,1,1
6815,1,0
6816,1,0
6817,1,1
6818,1,1
6819,1,0
6820,1,0
6821,1,0
6822,1,1
6823,1,1
6824,1,0
6825,1,1
6826,1,1
6827,0,0
6828,0,1
6829,0,0
6830,1,0
6831,0,0
6832,1,0
6833,1,1
6834,1,1
6835,1,0
6836,1,0
6837,1,0
6838,1,0
6839,1,1
6840,1,0
6841,1,0
6842,1,0
6843,1,0
6844,1,1
6845,0,1
6846,1,1
6847,1,1
6848,0,1
6849,1,0
6850,0,0
6851,1,0
6852,1,1
6853,0,1
6854,1,0
6855,1,0
6856,1,0
6857,0,0
6858,1,0
6859,1,0
6860,1,0
6861,1,0
6862,1,1
6863,1,0
6864,0,0
6865,1,0
6866,0,0
6867,1,1
6868,0,0
6869,1,0
6870,1,0
6871,1,0
6872,1,0
6873,1,1
6874,1,1
6875,1,0
6876,1,0
6877,0,0
6878,1,1
6879,0,0
6880,1,0
6881,1,1
6882,0,1
6883,1,1
6884,1,0
6885,1,1
6886,0,1
6887,1,0
6888,1,1
6889,0,0
6890,1,1
6891,1,0
6892,0,1
6893,0,1
6894,1,0
6895,1,1
6896,1,0
6897,1,0
6898,1,1
6899,0,0
6900,0,0
6901,1,1
6902,1,1
6903,1,0
6904,1,1
6905,1,1
6906,1,1
6907,1,0
6908,1,1
6909,1,0
6910,1,0
6911,1,0
6912,1,1
6913,1,0
6914,1,1
6915,0,0
6916,0,0
6917,1,1
6918,1,0
6919,1,1
6920,1,1
6921,1,0
6922,1,1
6923,1,1
6924,1,1
6925,1,1
6926,1,1
6927,1,1
6928,1,0
6929,1,1
6930,1,0
6931,0,1
6932,1,0
6933,1,0
6934,1,1
6935,1,1
6936,1,0
6937,1,1
6938,1,1
6939,1,0
6940,1,1
6941,1,0
6942,0,0
6943,1,1
6944,1,1
6945,1,0
6946,0,0
6947,1,0
6948,1,0
6949,1,0
6950,0,1
6951,0,0
6952,1,0
6953,1,1
6954,1,1
6955,1,1
6956,1,1
6957,1,1
6958,1,0
6959,1,1
6960,1,0
6961,1,0
6962,1,1
6963,1,1
6964,1,1
6965,1,1
6966,1,1
6967,1,0
6968,1,0
6969,1,1
6970,1,1
6971,1,0
6972,1,0
6973,1,1
6974,1,1
6975,1,0
6976,1,0
6977,0,1
6978,1,0
6979,0,0
6980,1,1
6981,1,1
6982,1,0
6983,0,0
6984,1,1
6985,1,0
6986,1,1
6987,1,0
6988,1,0
6989,1,1
6990,1,1
6991,1,1
6992,1,0
6993,1,1
6994,1,1
6995,1,1
6996,0,0
6997,1,1
6998,1,0
6999,1,0
7000,0,1
7001,0,1
7002,1,0
7003,0,1
7004,1,0
7005,1,1
7006,1,0
7007,1,1
7008,1,1
7009,1,0
7010,1,1
7011,1,1
7012,1,0
7013,0,0
7014,1,0
7015,1,0
7016,0,0
7017,1,0
7018,1,1
7019,0,0
7020,1,1
7021,1,1
7022,1,1
7023,1,1
7024,1,0
7025,1,0
7026,1,1
7027,1,1
7028,1,0
7029,1,0
7030,1,0
7031,1,1
7032,1,0
7033,1,1
7034,0,0
7035,1,0
7036,0,0
7037,1,1
7038,0,0
7039,0,0
7040,0,0
7041,1,1
7042,1,1
7043,1,1
7044,1,0
7045,1,0
7046,1,1
7047,0,0
7048,1,1
7049,1,0
7050,1,0
7051,0,1
7052,1,1
7053,1,0
7054,1,0
7055,1,0
7056,1,1
7057,1,1
7058,1,1
7059,1,0
7060,1,1
7061,1,1
7062,1,0
7063,1,0
7064,1,1
7065,0,0
7066,1,1
7067,1,1
7068,1,0
7069,1,1
7070,1,0
7071,1,0
7072,1,0
7073,1,0
7074,1,1
7075,1,1
7076,1,0
7077,1,1
7078,1,1
7079,1,0
7080,1,0
7081,1,0
7082,0,0
7083,1,0
7084,1,1
7085,1,0
7086,1,0
7087,1,0
7088,1,0
7089,1,0
7090,1,1
7091,1,0
7092,0,0
7093,1,0
7094,1,0
7095,1,1
7096,1,1
7097,1,1
7098,1,1
7099,0,0
7100,1,1
7101,1,1
7102,1,1
7103,0,0
7104,1,0
7105,1,1
7106,1,1
7107,1,1
7108,1,0
7109,1,1
7110,1,0
7111,1,1
7112,0,0
7113,1,1
7114,1,1
7115,1,0
7116,0,0
7117,0,1
7118,1,1
7119,1,1
7120,1,0
7121,0,0
7122,1,0
7123,1,1
7124,1,1
7125,1,0
7126,1,1
7127,0,0
7128,1,0
7129,1,0
7130,1,1
7131,1,0
7132,1,0
7133,1,1
7134,1,0
7135,1,0
7136,1,1
7137,1,1
7138,1,0
7139,1,0
7140,1,1
7141,1,1
7142,1,0
7143,1,1
7144,1,1
7145,1,1
7146,0,0
7147,1,1
7148,1,1
7149,1,1
7150,0,0
7151,1,1
7152,1,0
7153,1,0
7154,1,0
7155,1,1
7156,1,0
7157,0,1
7158,1,1
7159,1,0
7160,1,1
7161,1,0
7162,1,0
7163,1,1
7164,1,1
7165,1,0
7166,1,1
7167,1,0
7168,1,0
7169,1,1
7170,1,1
7171,1,0
7172,0,0
7173,1,0
7174,1,1
7175,1,0
7176,1,1
7177,1,1
7178,1,0
7179,1,0
7180,1,1
7181,1,1
7182,0,0
7183,1,0
7184,0,0
7185,1,0
7186,1,0
7187,1,1
7188,1,0
7189,1,0
7190,1,1
7191,1,0
7192,1,0
7193,1,0
7194,1,0
7195,1,1
7196,1,0
7197,1,1
7198,1,1
7199,1,0
7200,1,0
7201,1,0
7202,1,0
7203,0,0
7204,1,0
7205,1,0
7206,1,1
7207,1,0
7208,1,0
7209,1,1
7210,1,0
7211,1,1
7212,1,1
7213,1,1
7214,1,0
7215,1,1
7216,1,1
7217,0,1
7218,1,1
7219,0,0
7220,1,1
7221,0,1
7222,1,0
7223,1,0
7224,1,1
7225,1,1
7226,1,1
7227,1,0
7228,1,1
7229,1,0
7230,0,0
7231,1,1
7232,1,1
7233,1,0
7234,1,1
7235,1,1
7236,1,1
7237,1,0
7238,1,0
7239,1,1
7240,1,1
7241,1,1
7242,1,1
7243,0,0
7244,1,0
7245,1,1
7246,1,1
7247,1,0
7248,1,0
7249,1,1
7250,1,0
7251,1,1
7252,1,0
7253,1,0
7254,1,0
7255,1,0
7256,1,1
7257,1,0
7258,1,0
7259,1,0
7260,1,1
7261,0,1
7262,1,1
7263,1,1
7264,1,1
7265,0,0
7266,1,0
7267,1,1
7268,1,1
7269,1,0
7270,1,1
7271,1,1
7272,1,1
7273,1,0
7274,1,1
7275,1,0
7276,1,1
7277,1,0
7278,0,0
7279,1,1
7280,1,0
7281,1,0
7282,1,1
7283,1,1
7284,1,1
7285,1,1
7286,1,0
7287,1,0
7288,1,1
7289,1,1
7290,1,1
7291,1,1
7292,1,0
7293,1,1
7294,1,1
7295,1,1
7296,1,0
7297,1,0
7298,1,1
7299,1,0
7300,1,1
7301,1,1
7302,1,1
7303,1,1
7304,1,1
7305,1,1
7306,1,1
7307,1,0
7308,1,0
7309,1,1
7310,1,1
7311,0,0
7312,1,1
7313,1,0
7314,1,0
7315,1,1
7316,1,1
7317,1,0
7318,1,1
7319,0,0
7320,1,0
7321,1,0
7322,1,0
7323,0,0
7324,1,1
7325,0,0
7326,1,0
7327,0,0
7328,1,1
7329,0,0
7330,1,0
7331,1,0
7332,1,1
7333,1,0
7334,1,1
7335,1,0
7336,1,1
7337,1,0
7338,1,0
7339,1,0
7340,0,0
7341,0,1
7342,1,1
7343,1,1
7344,1,0
7345,1,1
7346,1,1
7347,1,0
7348,1,0
7349,0,1
7350,1,1
7351,0,0
7352,1,0
7353,0,1
7354,1,1
7355,1,1
7356,1,0
7357,1,1
7358,1,0
7359,1,0
7360,1,1
7361,1,0
7362,1,1
7363,1,1
7364,1,0
7365,1,1
7366,1,1
7367,1,0
7368,1,0
7369,1,1
7370,1,1
7371,1,1
7372,1,0
7373,1,1
7374,1,0
7375,1,1
7376,1,1
7377,1,1
7378,1,0
7379,1,0
7380,1,0
7381,1,0
7382,0,1
7383,1,0
7384,1,1
7385,1,0
7386,1,1
7387,1,0
7388,1,0
7389,1,0
7390,1,1
7391,1,1
7392,1,0
7393,1,0
7394,1,1
7395,1,1
7396,1,1
7397,1,1
7398,1,1
7399,1,0
7400,1,0
7401,1,1
7402,1,1
7403,1,1
7404,1,0
7405,1,0
7406,1,1
7407,1,1
7408,1,1
7409,1,1
7410,0,0
7411,1,0
7412,1,1
7413,1,1
7414,1,0
7415,1,0
7416,0,0
7417,0,0
7418,1,0
7419,1,0
7420,1,0
7421,1,0
7422,0,0
7423,1,0
7424,1,0
7425,1,0
7426,1,1
7427,1,0
7428,1,1
7429,1,1
7430,1,1
7431,1,0
7432,1,0
7433,1,0
7434,1,0
7435,1,0
7436,1,0
7437,0,0
7438,1,0
7439,0,0
7440,1,0
7441,0,1
7442,1,0
7443,1,0
7444,1,0
7445,1,1
7446,1,1
7447,1,0
7448,1,1
7449,1,0
7450,1,1
7451,1,0
7452,1,1
7453,1,1
7454,1,1
7455,1,0
7456,1,0
7457,1,1
7458,1,0
7459,1,1
7460,1,0
7461,0,0
7462,1,1
7463,1,0
7464,1,1
7465,0,1
7466,1,0
7467,1,0
7468,1,1
7469,1,0
7470,1,1
7471,1,1
7472,1,1
7473,1,1
7474,1,1
7475,1,1
7476,1,1
7477,1,1
7478,1,1
7479,1,1
7480,0,0
7481,1,0
7482,1,0
7483,1,1
7484,1,1
7485,1,0
7486,1,1
7487,0,1
7488,1,0
7489,1,1
7490,1,1
7491,1,0
7492,1,0
7493,1,0
7494,0,0
7495,1,1
7496,0,1
7497,1,0
7498,1,1
7499,0,1
7500,1,0
7501,1,1
7502,1,0
7503,1,1
7504,1,1
7505,1,0
7506,1,1
7507,1,1
7508,1,0
7509,0,0
7510,1,1
7511,1,0
7512,1,0
7513,1,1
7514,1,0
7515,1,1
7516,1,1
7517,1,1
7518,0,0
7519,1,0
7520,1,0
7521,1,0
7522,1,0
7523,1,1
7524,1,0
7525,1,0
7526,1,1
7527,1,0
7528,1,1
7529,1,1
7530,1,1
7531,1,0
7532,0,0
7533,0,0
7534,1,1
7535,1,1
7536,1,1
7537,0,1
7538,1,0
7539,0,0
7540,1,0
7541,1,0
7542,1,1
7543,1,1
7544,1,1
7545,0,0
7546,1,0
7547,1,0
7548,1,0
7549,1,0
7550,1,1
7551,1,0
7552,1,0
7553,1,1
7554,1,0
7555,1,1
7556,1,1
7557,1,0
7558,1,1
7559,1,0
7560,1,0
7561,0,1
7562,1,1
7563,1,0
7564,1,1
7565,0,1
7566,1,1
7567,1,0
7568,1,0
7569,1,0
7570,1,1
7571,1,1
7572,1,1
7573,1,1
7574,1,1
7575,1,1
7576,1,1
7577,1,0
7578,1,1
7579,1,1
7580,1,1
7581,0,1
7582,1,0
7583,1,1
7584,1,0
7585,0,0
7586,1,0
7587,1,1
7588,1,1
7589,1,0
7590,1,0
7591,0,0
7592,1,1
7593,1,0
7594,1,1
7595,1,0
7596,1,0
7597,1,1
7598,0,1
7599,1,1
7600,1,0
7601,1,1
7602,1,0
7603,1,1
7604,1,1
7605,0,0
7606,1,1
7607,1,0
7608,1,1
7609,1,0
7610,1,1
7611,1,0
7612,1,0
7613,1,0
7614,1,0
7615,1,1
7616,1,1
7617,1,0
7618,1,1
7619,1,0
7620,1,0
7621,1,1
7622,1,1
7623,1,0
7624,1,1
7625,0,0
7626,1,1
7627,1,1
7628,1,0
7629,1,1
7630,1,1
7631,0,0
7632,1,1
7633,1,1
7634,0,1
7635,1,1
7636,1,1
7637,1,0
7638,1,1
7639,1,1
7640,1,1
7641,1,1
7642,1,1
7643,1,0
7644,1,1
7645,0,1
7646,1,1
7647,1,0
7648,1,1
7649,1,0
7650,1,0
7651,1,0
7652,1,1
7653,1,1
7654,1,0
7655,1,0
7656,1,1
7657,1,1
7658,1,1
7659,1,1
7660,1,0
7661,1,0
7662,1,0
7663,1,1
7664,1,0
7665,1,1
7666,1,0
7667,1,0
7668,1,1
7669,0,0
7670,1,1
7671,1,0
7672,1,1
7673,1,1
7674,1,1
7675,1,0
7676,1,0
7677,1,0
7678,0,0
7679,1,1
7680,1,0
7681,1,1
7682,1,1
7683,1,1
7684,1,1
7685,0,0
7686,1,0
7687,1,1
7688,1,0
7689,1,0
7690,1,1
7691,1,0
7692,1,1
7693,1,0
7694,1,0
7695,1,1
7696,0,0
7697,1,1
7698,0,0
7699,1,0
7700,1,0
7701,1,1
7702,1,0
7703,1,1
7704,0,0
7705,1,1
7706,1,1
7707,1,1
7708,1,1
7709,1,1
7710,1,0
7711,1,0
7712,1,0
7713,1,0
7714,1,1
7715,1,1
7716,1,0
7717,1,1
7718,1,1
7719,1,1
7720,1,1
7721,1,1
7722,1,1
7723,1,1
7724,1,1
7725,1,1
7726,1,0
7727,0,0
7728,1,0
7729,1,0
7730,1,1
7731,1,1
7732,1,1
7733,1,0
7734,1,1
7735,1,1
7736,1,0
7737,1,1
7738,1,0
7739,1,1
7740,1,0
7741,0,0
7742,0,0
7743,1,0
7744,1,0
7745,0,0
7746,1,0
7747,0,0
7748,1,0
7749,1,0
7750,1,0
7751,1,1
7752,1,1
7753,1,0
7754,1,0
7755,1,0
7756,1,1
7757,1,0
7758,1,1
7759,1,0
7760,1,1
7761,1,1
7762,1,0
7763,1,0
7764,1,0
7765,1,1
7766,1,1
7767,1,0
7768,1,0
7769,1,0
7770,1,0
7771,1,0
7772,1,0
7773,1,1
7774,1,1
7775,1,0
7776,1,0
7777,1,0
7778,0,0
7779,1,0
7780,1,0
7781,1,1
7782,1,1
7783,1,1
7784,1,1
7785,1,1
7786,1,0
7787,1,1
7788,1,1
7789,1,0
7790,1,0
7791,1,0
7792,1,1
7793,1,0
7794,1,0
7795,1,1
7796,1,0
7797,1,0
7798,1,1
7799,1,1
7800,0,1
7801,1,1
7802,1,0
7803,1,1
7804,0,0
7805,1,0
7806,1,0
7807,1,1
7808,1,0
7809,1,1
7810,1,0
7811,1,1
7812,1,1
7813,1,1
7814,1,0
7815,1,1
7816,1,0
7817,1,1
7818,1,0
7819,1,1
7820,1,1
7821,1,1
7822,1,1
7823,1,0
7824,1,0
7825,1,0
7826,1,0
7827,1,1
7828,1,0
7829,1,0
7830,1,0
7831,1,1
7832,1,1
7833,1,0
7834,1,1
7835,1,1
7836,1,0
7837,1,0
7838,1,1
7839,1,0
7840,1,0
7841,1,1
7842,1,0
7843,0,0
7844,1,0
7845,1,0
7846,1,1
7847,1,1
7848,1,0
7849,1,0
7850,0,0
7851,1,0
7852,1,1
7853,0,0
7854,1,0
7855,1,1
7856,1,1
7857,1,1
7858,1,1
7859,1,0
7860,1,1
7861,1,1
7862,1,1
7863,1,0
7864,1,1
7865,1,0
7866,1,0
7867,0,0
7868,1,0
7869,1,0
7870,1,1
7871,1,1
7872,1,0
7873,1,1
7874,1,1
7875,1,0
7876,1,1
7877,1,1
7878,1,1
7879,1,1
7880,1,1
7881,1,1
7882,1,1
7883,1,1
7884,1,0
7885,1,1
7886,1,1
7887,1,1
7888,1,1
7889,1,0
7890,1,1
7891,1,1
7892,0,0
7893,1,0
7894,1,0
7895,1,0
7896,1,0
7897,0,0
7898,1,0
7899,1,1
7900,1,0
7901,1,1
7902,1,0
7903,1,0
7904,0,1
7905,1,0
7906,1,0
7907,1,1
7908,0,1
7909,1,1
7910,1,1
7911,1,1
7912,1,1
7913,1,0
7914,0,0
7915,1,1
7916,1,0
7917,1,1
7918,0,0
7919,1,0
7920,1,0
7921,1,0
7922,1,0
7923,1,0
7924,1,1
7925,0,0
7926,1,0
7927,1,1
7928,1,0
7929,1,1
7930,1,0
7931,1,1
7932,1,0
7933,0,1
7934,1,1
7935,0,1
7936,1,0
7937,1,1
7938,1,1
7939,1,0
7940,1,1
7941,1,1
7942,1,0
7943,1,0
7944,1,1
7945,1,0
7946,1,0
7947,1,1
7948,1,0
7949,1,1
7950,1,0
7951,1,1
7952,1,1
7953,1,0
7954,0,0
7955,1,0
7956,1,1
7957,1,1
7958,1,0
7959,1,1
7960,1,0
7961,0,1
7962,1,0
7963,1,1
7964,0,0
7965,0,1
7966,1,1
7967,1,0
7968,1,0
7969,1,1
7970,1,0
7971,1,1
7972,1,0
7973,1,0
7974,1,1
7975,1,0
7976,0,0
7977,1,1
7978,1,0
7979,1,1
7980,1,0
7981,1,1
7982,1,1
7983,1,1
7984,1,1
7985,0,0
7986,0,0
7987,0,0
7988,1,0
7989,0,0
7990,1,0
7991,1,1
7992,1,0
7993,1,0
7994,1,0
7995,1,1
7996,0,0
7997,1,1
7998,1,0
7999,1,1
8000,1,1
8001,1,0
8002,1,0
8003,1,1
8004,1,0
8005,1,0
8006,1,1
8007,0,0
8008,1,1
8009,1,1
8010,1,1
8011,1,0
8012,1,0
8013,1,0
8014,1,1
8015,1,1
8016,1,0
8017,1,0
8018,1,0
8019,1,0
8020,1,1
8021,1,1
8022,1,1
8023,1,0
8024,0,0
8025,1,0
8026,1,1
8027,0,0
8028,1,0
8029,1,0
8030,1,1
8031,1,1
8032,1,1
8033,1,1
8034,1,0
8035,1,1
8036,1,1
8037,1,1
8038,1,1
8039,1,0
8040,1,0
8041,1,1
8042,0,0
8043,1,0
8044,1,0
8045,1,0
8046,1,1
8047,1,0
8048,1,0
8049,1,0
8050,1,0
8051,1,1
8052,1,0
8053,1,0
8054,1,0
8055,1,1
8056,1,1
8057,0,0
8058,1,0
8059,1,1
8060,1,1
8061,0,1
8062,1,1
8063,1,0
8064,1,1
8065,1,1
8066,1,0
8067,1,0
8068,1,1
8069,1,0
8070,1,1
8071,1,0
8072,0,0
8073,1,0
8074,1,0
8075,1,0
8076,1,0
8077,1,0
8078,1,1
8079,1,1
8080,1,1
8081,1,1
8082,1,1
8083,1,1
8084,1,1
8085,0,0
8086,1,1
8087,1,1
8088,1,0
8089,1,0
8090,1,1
8091,1,1
8092,1,0
8093,1,1
8094,1,1
8095,1,0
8096,1,0
8097,1,1
8098,1,1
8099,1,1
8100,1,1
8101,1,0
8102,1,0
8103,1,0
8104,1,1
8105,0,1
8106,1,1
8107,1,0
8108,0,0
8109,1,0
8110,1,1
8111,1,1
8112,1,1
8113,1,0
8114,1,1
8115,1,1
8116,1,1
8117,1,0
8118,1,1
8119,1,1
8120,1,1
8121,1,0
8122,1,0
8123,1,0
8124,0,0
8125,1,1
8126,1,0
8127,0,0
8128,1,0
8129,0,0
8130,1,0
8131,1,1
8132,1,1
8133,1,1
8134,1,0
8135,1,0
8136,1,0
8137,1,1
8138,0,0
8139,1,1
8140,1,1
8141,0,0
8142,1,0
8143,1,1
8144,1,0
8145,1,0
8146,1,0
8147,1,0
8148,1,1
8149,1,0
8150,1,1
8151,1,0
8152,1,1
8153,1,1
8154,1,0
8155,1,1
8156,1,0
8157,1,0
8158,1,1
8159,1,1
8160,1,0
8161,1,0
8162,0,0
8163,1,0
8164,0,0
8165,0,0
8166,1,0
8167,0,0
8168,1,0
8169,1,1
8170,1,0
8171,0,0
8172,1,0
8173,0,0
8174,0,0
8175,1,1
8176,1,1
8177,0,0
8178,0,0
8179,1,1
8180,1,0
8181,1,1
8182,0,0
8183,1,0
8184,1,1
8185,1,0
8186,1,0
8187,1,0
8188,0,0
8189,1,1
8190,1,1
8191,1,1
8192,1,0
8193,0,0
8194,1,0
8195,1,0
8196,1,1
8197,1,1
8198,1,1
8199,1,0
8200,1,0
8201,1,0
8202,0,0
8203,1,0
8204,0,0
8205,1,0
8206,0,1
8207,1,0
8208,1,0
8209,1,1
8210,1,1
8211,1,0
8212,1,0
8213,1,1
8214,1,1
8215,1,0
8216,1,0
8217,1,0
8218,1,0
8219,1,1
8220,1,1
8221,1,1
8222,1,1
8223,1,0
8224,1,1
8225,0,0
8226,1,1
8227,0,0
8228,1,0
8229,1,0
8230,1,1
8231,1,1
8232,1,1
8233,1,0
8234,1,0
8235,0,1
8236,1,0
8237,1,0
8238,1,0
8239,1,0
8240,1,1
8241,1,0
8242,1,0
8243,1,1
8244,1,1
8245,1,1
8246,1,0
8247,1,0
8248,1,0
8249,1,1
8250,1,1
8251,1,0
8252,1,1
8253,1,0
8254,1,1
8255,1,1
8256,1,1
8257,1,0
8258,1,0
8259,1,1
8260,1,0
8261,0,0
8262,1,0
8263,1,1
8264,1,1
8265,1,1
8266,0,0
8267,1,0
8268,1,0
8269,1,1
8270,1,0
8271,1,1
8272,1,0
8273,0,0
8274,1,1
8275,1,0
8276,1,1
8277,1,1
8278,1,1
8279,1,0
8280,1,0
8281,1,1
8282,1,0
8283,1,1
8284,1,1
8285,0,0
8286,1,0
8287,1,1
8288,1,0
8289,1,1
8290,1,0
8291,1,1
8292,1,1
8293,1,1
8294,1,0
8295,1,1
8296,0,1
8297,1,0
8298,1,1
8299,1,0
8300,1,1
8301,1,0
8302,0,0
8303,1,0
8304,1,0
8305,1,1
8306,1,0
8307,1,0
8308,1,1
8309,1,1
8310,1,1
8311,1,1
8312,1,1
8313,1,0
8314,1,0
8315,1,1
8316,1,0
8317,1,0
8318,1,0
8319,1,1
8320,1,1
8321,1,1
8322,1,0
8323,1,0
8324,1,1
8325,1,0
8326,1,1
8327,1,0
8328,1,0
8329,1,0
8330,1,0
8331,1,1
8332,1,0
8333,1,0
8334,1,1
8335,0,1
8336,1,1
8337,0,0
8338,1,0
8339,1,1
8340,1,0
8341,1,0
8342,1,0
8343,1,0
8344,1,1
8345,1,1
8346,0,1
8347,1,1
8348,1,1
8349,1,0
8350,1,0
8351,1,1
8352,1,1
8353,1,0
8354,1,0
8355,1,0
8356,1,0
8357,1,1
8358,1,0
8359,1,0
8360,1,0
8361,1,1
8362,1,0
8363,1,0
8364,1,1
8365,1,1
8366,1,1
8367,1,0
8368,0,0
8369,0,0
8370,1,0
8371,1,0
8372,1,1
8373,0,0
8374,1,1
8375,1,0
8376,1,1
8377,1,1
8378,1,1
8379,1,0
8380,1,0
8381,1,1
8382,1,0
8383,1,1
8384,0,0
8385,1,1
8386,0,0
8387,1,1
8388,1,1
8389,1,1
8390,1,0
8391,1,1
8392,1,0
8393,1,1
8394,1,0
8395,1,1
8396,1,0
8397,1,0
8398,0,1
8399,1,0
8400,1,1
8401,1,1
8402,1,1
8403,1,0
8404,0,1
8405,1,1
8406,1,1
8407,1,1
8408,0,0
8409,1,0
8410,1,0
8411,1,1
8412,1,1
8413,1,1
8414,1,0
8415,1,0
8416,1,1
8417,1,1
8418,1,0
8419,1,1
8420,1,0
8421,1,1
8422,1,1
8423,1,1
8424,1,1
8425,1,1
8426,1,1
8427,1,0
8428,0,1
8429,1,0
8430,0,0
8431,1,1
8432,1,1
8433,1,1
8434,1,0
8435,1,1
8436,1,1
8437,1,1
8438,1,1
8439,0,0
8440,1,0
8441,1,1
8442,1,1
8443,1,0
8444,1,1
8445,1,1
8446,1,0
8447,1,1
8448,0,1
8449,1,1
8450,1,0
8451,1,1
8452,1,1
8453,0,0
8454,1,0
8455,1,1
8456,1,1
8457,1,0
8458,1,0
8459,1,0
8460,1,0
8461,1,0
8462,1,0
8463,1,0
8464,1,0
8465,1,0
8466,1,0
8467,1,0
8468,1,0
8469,1,1
8470,1,1
8471,1,0
8472,0,0
8473,1,1
8474,1,0
8475,1,1
8476,1,1
8477,1,0
8478,1,1
8479,0,0
8480,1,0
8481,1,1
8482,1,1
8483,1,1
8484,1,1
8485,1,1
8486,1,0
8487,1,1
8488,1,1
8489,1,1
8490,1,0
8491,0,1
8492,1,1
8493,0,0
8494,1,1
8495,1,1
8496,1,1
8497,1,1
8498,1,1
8499,1,0
8500,1,1
8501,1,0
8502,1,0
8503,1,0
8504,0,0
8505,0,1
8506,1,0
8507,1,1
8508,1,1
8509,1,1
8510,1,1
8511,1,0
8512,1,0
8513,1,1
8514,1,0
8515,1,0
8516,1,0
8517,1,1
8518,1,0
8519,0,0
8520,1,0
8521,1,1
8522,1,0
8523,1,0
8524,1,0
8525,1,1
8526,1,1
8527,1,1
8528,1,1
8529,1,1
8530,1,1
8531,1,1
8532,1,1
8533,1,1
8534,1,1
8535,1,1
8536,1,1
8537,1,0
8538,0,1
8539,1,1
8540,1,1
8541,1,0
8542,1,0
8543,0,0
8544,1,0
8545,1,0
8546,1,0
8547,1,1
8548,0,0
8549,1,1
8550,1,1
8551,1,1
8552,1,0
8553,1,0
8554,0,0
8555,1,0
8556,1,1
8557,1,1
8558,0,0
8559,1,1
8560,1,0
8561,1,1
8562,0,1
8563,0,1
8564,1,1
8565,0,0
8566,1,1
8567,1,0
8568,1,0
8569,1,0
8570,1,1
8571,1,1
8572,1,0
8573,0,0
8574,0,0
8575,1,0
8576,1,0
8577,1,0
8578,1,0
8579,1,1
8580,1,1
8581,1,1
8582,1,1
8583,1,0
8584,1,1
8585,1,1
8586,1,1
8587,1,0
8588,1,0
8589,1,1
8590,0,0
8591,1,1
8592,1,0
8593,1,1
8594,1,0
8595,1,0
8596,1,1
8597,1,1
8598,1,1
8599,1,0
8600,1,0
8601,1,0
8602,1,1
8603,1,1
8604,1,1
8605,1,1
8606,0,1
8607,1,0
8608,1,0
8609,1,0
8610,1,1
8611,1,1
8612,1,0
8613,1,0
8614,1,1
8615,1,0
8616,1,0
8617,1,0
8618,1,0
8619,1,0
8620,1,0
8621,1,1
8622,1,1
8623,1,1
8624,1,0
8625,0,0
8626,1,1
8627,1,0
8628,1,0
8629,1,0
8630,1,1
8631,1,0
8632,0,0
8633,1,1
8634,1,1
8635,1,0
8636,1,0
8637,0,0
8638,1,0
8639,0,0
8640,1,1
8641,1,1
8642,1,1
8643,1,0
8644,0,0
8645,1,0
8646,1,1
8647,1,1
8648,1,1
8649,1,0
8650,1,0
8651,1,0
8652,0,1
8653,1,1
8654,1,0
8655,1,1
8656,1,0
8657,1,0
8658,1,1
8659,1,0
8660,1,0
8661,1,1
8662,0,0
8663,1,1
8664,1,1
8665,1,0
8666,1,0
8667,1,0
8668,1,1
8669,1,0
8670,1,1
8671,1,1
8672,1,0
8673,1,1
8674,1,0
8675,1,1
8676,1,0
8677,1,1
8678,1,1
8679,1,1
8680,0,0
8681,1,1
8682,1,0
8683,1,1
8684,0,1
8685,1,0
8686,1,1
8687,0,0
8688,1,0
8689,1,1
8690,1,1
8691,1,0
8692,1,1
8693,1,0
8694,1,1
8695,1,0
8696,1,0
8697,1,0
8698,1,0
8699,1,0
8700,1,1
8701,1,1
8702,1,1
8703,1,0
8704,1,1
8705,1,0
8706,1,1
8707,0,0
8708,1,1
8709,0,0
8710,1,0
8711,1,1
8712,1,1
8713,0,1
8714,0,0
8715,1,1
8716,1,1
8717,1,1
8718,1,0
8719,0,0
8720,1,1
8721,1,0
8722,1,1
8723,1,0
8724,1,1
8725,1,1
8726,1,1
8727,1,1
8728,1,0
8729,1,1
8730,1,0
8731,1,1
8732,1,1
8733,1,0
8734,0,0
8735,1,0
8736,1,0
8737,1,1
8738,1,1
8739,1,0
8740,1,0
8741,1,0
8742,1,1
8743,1,0
8744,1,0
8745,1,1
8746,1,1
8747,1,0
8748,1,1
8749,0,1
8750,1,1
8751,1,1
8752,0,1
8753,1,1
8754,1,1
8755,1,0
8756,1,0
8757,1,0
8758,1,0
8759,1,1
8760,1,1
8761,1,0
8762,1,0
8763,1,1
8764,1,0
8765,1,1
8766,1,1
8767,1,0
8768,1,0
8769,1,0
8770,1,0
8771,0,0
8772,1,0
8773,1,1
8774,1,1
8775,0,1
8776,1,0
8777,0,0
8778,1,1
8779,1,1
8780,1,0
8781,1,1
8782,1,1
8783,1,0
8784,0,0
8785,1,0
8786,1,1
8787,1,0
8788,1,1
8789,1,0
8790,1,0
8791,1,0
8792,1,0
8793,1,0
8794,0,1
8795,1,1
8796,1,0
8797,0,0
8798,1,0
8799,1,1
8800,1,1
8801,1,0
8802,1,0
8803,1,0
8804,1,0
8805,1,1
8806,1,0
8807,1,1
8808,1,0
8809,1,1
8810,1,1
8811,1,1
8812,0,0
8813,1,1
8814,0,0
8815,1,1
8816,1,1
8817,1,1
8818,1,1
8819,1,0
8820,0,1
8821,1,0
8822,0,0
8823,0,0
8824,1,1
8825,1,0
8826,1,1
8827,1,1
8828,1,1
8829,1,0
8830,1,0
8831,1,1
8832,1,0
8833,1,0
8834,1,0
8835,1,1
8836,0,0
8837,1,0
8838,0,1
8839,1,1
8840,0,1
8841,1,0
8842,1,1
8843,1,0
8844,1,0
8845,0,0
8846,1,0
8847,1,0
8848,1,1
8849,1,1
8850,0,0
8851,1,1
8852,1,1
8853,1,0
8854,1,1
8855,1,0
8856,1,0
8857,1,0
8858,1,1
8859,1,1
8860,1,1
8861,0,0
8862,1,0
8863,1,1
8864,1,1
8865,1,0
8866,1,1
8867,1,0
8868,0,0
8869,1,1
8870,1,0
8871,1,1
8872,1,0
8873,1,1
8874,1,0
8875,1,1
8876,1,0
8877,1,0
8878,1,0
8879,1,1
8880,1,0
8881,1,0
8882,1,1
8883,1,1
8884,0,0
8885,1,0
8886,1,0
8887,1,0
8888,1,1
8889,1,0
8890,1,1
8891,1,0
8892,1,0
8893,1,0
8894,1,0
8895,0,0
8896,1,0
8897,1,1
8898,1,1
8899,1,0
8900,1,1
8901,1,1
8902,0,0
8903,1,0
8904,1,0
8905,1,1
8906,1,1
8907,0,0
8908,1,0
8909,1,0
8910,1,1
8911,1,1
8912,1,0
8913,1,0
8914,1,1
8915,1,1
8916,1,1
8917,1,1
8918,1,0
8919,1,1
8920,0,0
8921,1,0
8922,1,1
8923,1,0
8924,1,0
8925,1,0
8926,0,1
8927,1,0
8928,0,0
8929,1,1
8930,1,0
8931,1,1
8932,1,0
8933,1,1
8934,1,1
8935,1,1
8936,0,1
8937,1,1
8938,0,1
8939,1,0
8940,1,1
8941,1,0
8942,0,0
8943,1,0
8944,1,1
8945,1,1
8946,1,1
8947,1,0
8948,1,1
8949,1,1
8950,1,0
8951,1,0
8952,1,0
8953,1,1
8954,1,0
8955,1,1
8956,1,0
8957,0,0
8958,1,0
8959,1,1
8960,1,1
8961,1,1
8962,1,1
8963,1,1
8964,1,1
8965,1,1
8966,1,1
8967,1,0
8968,0,0
8969,1,1
8970,0,0
8971,1,0
8972,0,0
8973,1,0
8974,1,0
8975,1,0
8976,1,1
8977,1,0
8978,0,0
8979,1,1
8980,1,0
8981,1,0
8982,1,1
8983,1,1
8984,1,1
8985,1,1
8986,1,1
8987,1,1
8988,1,1
8989,1,0
8990,1,0
8991,1,1
8992,1,1
8993,1,0
8994,0,1
8995,1,0
8996,1,1
8997,1,1
8998,1,1
8999,1,0
9000,1,1
9001,1,1
9002,1,1
9003,1,1
9004,0,0
9005,0,0
9006,1,1
9007,1,0
9008,1,0
9009,1,1
9010,1,1
9011,1,0
9012,0,1
9013,1,1
9014,1,0
9015,1,0
9016,1,0
9017,1,1
9018,1,0
9019,1,0
9020,1,1
9021,0,0
9022,1,0
9023,1,1
9024,1,0
9025,1,0
9026,1,0
9027,1,0
9028,1,1
9029,1,0
9030,1,1
9031,0,0
9032,0,0
9033,1,0
9034,1,0
9035,1,0
9036,1,0
9037,1,1
9038,1,1
9039,1,1
9040,1,0
9041,1,1
9042,0,0
9043,1,0
9044,1,0
9045,0,0
9046,1,1
9047,1,0
9048,1,1
9049,1,0
9050,1,1
9051,0,0
9052,1,0
9053,1,1
9054,1,0
9055,0,0
9056,1,0
9057,1,0
9058,1,1
9059,1,1
9060,0,0
9061,1,1
9062,1,1
9063,1,0
9064,1,1
9065,1,1
9066,1,1
9067,1,1
9068,0,0
9069,0,1
9070,1,0
9071,1,1
9072,1,1
9073,1,1
9074,0,0
9075,1,0
9076,1,0
9077,1,0
9078,1,1
9079,1,1
9080,1,0
9081,1,1
9082,1,0
9083,1,0
9084,1,0
9085,1,0
9086,1,1
9087,1,1
9088,1,0
9089,1,1
9090,1,0
9091,1,0
9092,1,0
9093,1,0
9094,0,1
9095,0,1
9096,1,1
9097,1,1
9098,1,1
9099,1,0
9100,1,1
9101,1,1
9102,1,1
9103,1,0
9104,1,1
9105,1,0
9106,1,0
9107,1,1
9108,0,0
9109,1,0
9110,1,1
9111,1,1
9112,1,1
9113,1,0
9114,1,0
9115,1,0
9116,1,0
9117,1,1
9118,1,1
9119,1,0
9120,1,0
9121,1,1
9122,1,0
9123,0,1
9124,0,0
9125,1,0
9126,1,0
9127,1,0
9128,1,1
9129,0,0
9130,1,0
9131,1,1
9132,1,1
9133,1,1
9134,0,0
9135,1,1
9136,1,1
9137,0,1
9138,1,0
9139,1,0
9140,1,0
9141,1,0
9142,1,1
9143,1,1
9144,1,1
9145,1,1
9146,1,0
9147,1,0
9148,1,1
9149,1,0
9150,1,1
9151,1,1
9152,0,0
9153,0,0
9154,1,1
9155,1,1
9156,1,1
9157,1,0
9158,1,1
9159,1,0
9160,1,1
9161,1,1
9162,1,1
9163,1,1
9164,1,1
9165,1,0
9166,1,1
9167,1,1
9168,1,0
9169,1,1
9170,1,1
9171,1,1
9172,1,1
9173,1,1
9174,1,0
9175,1,1
9176,1,1
9177,0,0
9178,0,0
9179,1,1
9180,1,1
9181,1,0
9182,0,1
9183,1,1
9184,1,1
9185,1,0
9186,1,0
9187,1,0
9188,1,0
9189,1,1
9190,1,1
9191,1,0
9192,1,0
9193,1,1
9194,1,1
9195,0,0
9196,1,0
9197,1,0
9198,1,0
9199,1,0
9200,1,1
9201,1,0
9202,1,1
9203,1,0
9204,1,0
9205,0,1
9206,1,0
9207,1,0
9208,1,0
9209,1,1
9210,1,0
9211,1,1
9212,1,1
9213,1,1
9214,0,1
9215,1,1
9216,1,1
9217,0,1
9218,1,0
9219,1,0
9220,1,1
9221,1,1
9222,1,0
9223,0,1
9224,1,1
9225,1,0
9226,1,0
9227,1,1
9228,1,1
9229,0,0
9230,1,0
9231,1,0
9232,0,0
9233,0,0
9234,1,1
9235,1,1
9236,1,0
9237,1,1
9238,1,0
9239,1,0
9240,0,0
9241,1,0
9242,1,0
9243,1,0
9244,1,1
9245,1,0
9246,1,0
9247,1,0
9248,1,1
9249,1,1
9250,1,0
9251,1,1
9252,0,1
9253,0,1
9254,1,1
9255,1,0
9256,1,0
9257,1,0
9258,1,0
9259,1,1
9260,1,1
9261,1,0
9262,1,0
9263,1,0
9264,0,0
9265,1,0
9266,1,0
9267,1,0
9268,1,0
9269,1,1
9270,1,0
9271,1,0
9272,1,1
9273,1,1
9274,1,0
9275,1,1
9276,1,1
9277,1,0
9278,1,0
9279,0,0
9280,1,1
9281,1,0
9282,1,0
9283,0,0
9284,1,1
9285,1,0
9286,1,1
9287,1,0
9288,1,1
9289,1,0
9290,1,1
9291,1,0
9292,1,0
9293,1,0
9294,1,0
9295,1,1
9296,1,1
9297,1,1
9298,1,0
9299,1,1
9300,1,1
9301,1,0
9302,1,0
9303,1,0
9304,1,0
9305,1,1
9306,0,0
9307,1,1
9308,1,1
9309,1,1
9310,1,1
9311,1,1
9312,1,0
9313,1,1
9314,1,0
9315,0,1
9316,0,0
9317,1,1
9318,1,0
9319,0,0
9320,1,1
9321,1,0
9322,1,1
9323,1,0
9324,1,0
9325,1,0
9326,1,1
9327,1,0
9328,1,1
9329,1,1
9330,1,1
9331,1,0
9332,1,0
9333,1,1
9334,1,1
9335,1,0
9336,0,1
9337,1,1
9338,1,1
9339,1,1
9340,1,0
9341,1,1
9342,1,0
9343,1,0
9344,1,1
9345,1,1
9346,1,1
9347,0,0
9348,1,1
9349,1,0
9350,1,0
9351,1,0
9352,1,1
9353,1,0
9354,1,1
9355,1,0
9356,1,1
9357,0,1
9358,1,1
9359,1,1
9360,1,0
9361,1,1
9362,0,0
9363,1,1
9364,1,1
9365,1,0
9366,0,0
9367,1,1
9368,1,0
9369,1,0
9370,1,0
9371,1,1
9372,1,1
9373,1,0
9374,1,0
9375,1,0
9376,1,1
9377,1,1
9378,1,0
9379,1,1
9380,1,1
9381,1,1
9382,1,1
9383,0,0
9384,0,0
9385,1,0
9386,1,0
9387,0,0
9388,1,0
9389,1,1
9390,1,0
9391,1,0
9392,1,0
9393,1,0
9394,1,0
9395,1,0
9396,1,1
9397,1,0
9398,1,1
9399,1,1
9400,0,1
9401,1,1
9402,1,1
9403,1,1
9404,1,0
9405,1,1
9406,1,0
9407,1,1
9408,1,1
9409,1,0
9410,1,1
9411,1,1
9412,1,0
9413,0,0
9414,0,0
9415,1,0
9416,1,0
9417,0,0
9418,1,1
9419,1,1
9420,1,1
9421,1,0
9422,0,1
9423,1,1
9424,1,0
9425,1,1
9426,1,1
9427,1,1
9428,0,1
9429,1,0
9430,1,0
9431,1,0
9432,1,0
9433,0,0
9434,1,1
9435,1,0
9436,1,0
9437,1,1
9438,1,0
9439,1,1
9440,1,0
9441,1,1
9442,0,0
9443,1,1
9444,1,0
9445,1,0
9446,1,1
9447,1,0
9448,1,1
9449,1,0
9450,1,1
9451,1,1
9452,1,0
9453,1,0
9454,1,0
9455,1,1
9456,1,1
9457,1,1
9458,1,0
9459,1,0
9460,0,1
9461,1,0
9462,1,0
9463,1,0
9464,1,0
9465,1,0
9466,1,1
9467,1,1
9468,1,1
9469,1,0
9470,0,0
9471,1,1
9472,1,1
9473,1,0
9474,1,0
9475,1,1
9476,1,0
9477,0,0
9478,1,0
9479,1,1
9480,1,1
9481,1,1
9482,1,1
9483,1,0
9484,1,1
9485,1,0
9486,1,0
9487,1,0
9488,1,1
9489,1,1
9490,1,0
9491,1,1
9492,0,0
9493,1,1
9494,1,0
9495,1,0
9496,1,1
9497,1,1
9498,0,0
9499,1,1
9500,1,0
9501,1,1
9502,1,0
9503,1,1
9504,0,0
9505,1,0
9506,0,0
9507,1,1
9508,0,0
9509,1,1
9510,1,1
9511,1,0
9512,1,0
9513,1,1
9514,1,0
9515,1,1
9516,1,0
9517,1,1
9518,1,0
9519,0,0
9520,1,1
9521,1,1
9522,1,1
9523,1,0
9524,1,1
9525,1,1
9526,1,0
9527,0,1
9528,1,1
9529,1,0
9530,1,1
9531,1,1
9532,1,1
9533,1,1
9534,1,1
9535,0,0
9536,1,0
9537,1,1
9538,1,0
9539,1,1
9540,1,1
9541,1,0
9542,1,1
9543,1,0
9544,0,1
9545,1,0
9546,1,1
9547,1,1
9548,1,0
9549,1,0
9550,1,0
9551,1,1
9552,0,0
9553,1,1
9554,1,1
9555,1,1
9556,1,0
9557,1,0
9558,1,0
9559,1,0
9560,1,1
9561,0,0
9562,1,0
9563,1,1
9564,1,0
9565,1,1
9566,1,0
9567,1,0
9568,1,1
9569,1,0
9570,1,0
9571,1,1
9572,1,1
9573,1,0
9574,1,0
9575,1,0
9576,1,0
9577,1,0
9578,1,0
9579,1,1
9580,1,0
9581,1,0
9582,1,0
9583,1,1
9584,1,1
9585,1,1
9586,1,1
9587,1,1
9588,1,1
9589,1,0
9590,1,0
9591,1,1
9592,1,0
9593,1,0
9594,1,1
9595,1,0
9596,1,0
9597,1,0
9598,1,1
9599,1,1
9600,1,0
9601,1,0
9602,1,1
9603,1,1
9604,1,0
9605,1,0
9606,0,1
9607,1,1
9608,1,1
9609,1,1
9610,1,1
9611,1,1
9612,1,0
9613,1,1
9614,1,0
9615,1,0
9616,1,0
9617,1,1
9618,1,1
9619,0,0
9620,1,1
9621,1,0
9622,1,0
9623,1,1
9624,1,1
9625,1,0
9626,1,0
9627,1,0
9628,1,0
9629,1,1
9630,1,1
9631,1,1
9632,1,0
9633,1,1
9634,0,0
9635,1,1
9636,1,1
9637,1,1
9638,1,1
9639,1,1
9640,1,1
9641,1,0
9642,1,1
9643,1,0
9644,1,1
9645,1,1
9646,1,1
9647,1,0
9648,1,1
9649,1,0
9650,1,0
9651,1,1
9652,1,0
9653,1,1
9654,1,1
9655,1,1
9656,1,0
9657,1,0
9658,1,0
9659,1,1
9660,1,0
9661,1,1
9662,1,1
9663,0,0
9664,0,0
9665,1,0
9666,1,0
9667,1,1
9668,1,0
9669,1,0
9670,1,0
9671,1,0
9672,1,0
9673,1,0
9674,1,0
9675,0,1
9676,1,1
9677,1,1
9678,1,0
9679,0,1
9680,1,1
9681,1,1
9682,1,1
9683,1,1
9684,1,0
9685,1,0
9686,1,1
9687,1,0
9688,1,0
9689,1,0
9690,0,0
9691,1,0
9692,1,0
9693,0,0
9694,1,1
9695,1,0
9696,1,1
9697,0,0
9698,1,0
9699,1,0
9700,1,1
9701,1,1
9702,1,0
9703,1,1
9704,0,1
9705,0,1
9706,1,0
9707,0,0
9708,0,1
9709,1,0
9710,1,0
9711,1,1
9712,1,1
9713,1,0
9714,1,0
9715,1,1
9716,1,1
9717,0,0
9718,1,0
9719,1,0
9720,1,1
9721,1,1
9722,1,0
9723,1,1
9724,1,1
9725,1,1
9726,1,1
9727,1,1
9728,1,0
9729,1,1
9730,1,0
9731,0,1
9732,1,1
9733,1,0
9734,1,0
9735,1,1
9736,1,1
9737,1,0
9738,1,1
9739,0,0
9740,1,1
9741,1,1
9742,0,0
9743,1,0
9744,1,0
9745,1,1
9746,1,1
9747,1,1
9748,1,1
9749,1,1
9750,1,0
9751,1,0
9752,1,0
9753,1,0
9754,1,1
9755,1,0
9756,1,1
9757,1,1
9758,1,1
9759,1,0
9760,1,0
9761,0,1
9762,1,1
9763,1,1
9764,1,1
9765,1,0
9766,1,1
9767,1,0
9768,1,0
9769,1,1
9770,1,1
9771,1,1
9772,1,1
9773,1,1
9774,1,0
9775,1,1
9776,1,1
9777,1,0
9778,0,0
9779,1,0
9780,1,0
9781,1,1
9782,1,0
9783,1,1
9784,1,0
9785,1,0
9786,1,0
9787,1,0
9788,1,1
9789,1,0
9790,1,0
9791,1,1
9792,1,1
9793,0,1
9794,1,1
9795,1,1
9796,1,0
9797,1,0
9798,1,1
9799,1,1
9800,1,1
9801,1,1
9802,1,1
9803,1,1
9804,0,1
9805,0,0
9806,1,1
9807,1,0
9808,1,1
9809,1,0
9810,1,0
9811,1,0
9812,1,0
9813,0,0
9814,1,0
9815,1,0
9816,1,1
9817,1,0
9818,1,1
9819,1,1
9820,1,0
9821,1,0
9822,1,0
9823,1,0
9824,1,0
9825,1,0
9826,1,1
9827,1,1
9828,1,1
9829,1,1
9830,1,0
9831,1,0
9832,1,1
9833,1,1
9834,1,1
9835,1,0
9836,1,0
9837,1,0
9838,1,0
9839,1,1
9840,1,1
9841,1,1
9842,1,1
9843,0,0
9844,1,1
9845,1,1
9846,1,1
9847,1,0
9848,1,0
9849,1,0
9850,1,1
9851,1,1
9852,1,0
9853,1,1
9854,1,0
9855,1,0
9856,0,0
9857,1,0
9858,1,1
9859,1,0
9860,1,1
9861,1,1
9862,1,1
9863,1,0
9864,1,0
9865,1,0
9866,1,1
9867,1,1
9868,1,0
9869,1,1
9870,1,1
9871,0,0
9872,1,0
9873,1,0
9874,1,0
9875,1,0
9876,1,1
9877,1,1
9878,1,1
9879,1,1
9880,1,1
9881,1,1
9882,1,1
9883,1,0
9884,1,1
9885,1,1
9886,1,1
9887,1,1
9888,1,1
9889,1,0
9890,1,0
9891,0,0
9892,1,0
9893,0,1
9894,1,1
9895,1,1
9896,1,1
9897,1,1
9898,0,0
9899,1,0
9900,1,1
9901,1,0
9902,1,1
9903,1,0
9904,1,0
9905,1,0
9906,1,1
9907,1,0
9908,1,0
9909,1,1
9910,0,0
9911,1,1
9912,1,0
9913,1,1
9914,1,0
9915,1,0
9916,1,0
9917,1,0
9918,1,0
9919,1,0
9920,1,0
9921,1,1
9922,1,0
9923,1,1
9924,1,0
9925,1,1
9926,1,0
9927,1,1
9928,1,0
9929,1,0
9930,1,0
9931,1,0
9932,1,1
9933,1,0
9934,0,0
9935,1,1
9936,1,0
9937,1,1
9938,1,0
9939,1,0
9940,1,0
9941,1,0
9942,0,0
9943,1,1
9944,1,0
9945,1,0
9946,1,0
9947,1,1
9948,1,0
9949,1,0
9950,1,0
9951,1,0
9952,1,1
9953,1,0
9954,1,1
9955,0,0
9956,1,0
9957,1,0
9958,1,0
9959,1,0
9960,1,0
9961,1,0
9962,1,1
9963,1,0
9964,0,0
9965,1,1
9966,1,0
9967,1,0
9968,1,0
9969,1,1
9970,0,1
9971,1,1
9972,1,0
9973,1,1
9974,1,1
9975,1,1
9976,1,0
9977,1,1
9978,1,1
9979,1,1
9980,1,0
9981,1,0
9982,1,1
9983,1,1
9984,1,1
9985,0,0
9986,1,1
9987,1,0
9988,1,1
9989,1,0
9990,1,0
9991,1,0
9992,1,0
9993,1,1
9994,1,1
9995,1,0
9996,1,1
9997,1,1
9998,1,0
9999,0,0
10000,0,1
